INSERT INTO kategoriak (kazon, knev) VALUES
(1, 'Kisfeszültségű normállámpák'),
(2, 'Sütőlámpák'),
(3, 'Törpelámpák'),
(4, 'Speciális normállámpák'),
(5, 'Reflektorlámpák'),
(6, 'Infra reflektorlámpák'),
(7, 'Gömblámpák'),
(8, 'Halogén reflektorlámpák');

INSERT INTO termekek (tazon, kazon, tnev, fesz, telj, foglalat, elettartam, ar) VALUES
(10767, 8, 'OT AR111 50W 12V FL GE BX 1/10 MIC', '12', 50, 'G53', 3000, 1473),
(10775, 8, 'OT AR111 35W 12V FL GE BX 1/10 MIC', '12', 35, 'G53', 2000, 1473),
(10857, 8, 'OT*Q35MR16 240V GU10 FL GEST BX1/10 MIC', '240', 35, 'GU10', 1500, 392),
(12447, 2, 'TU*15P1/OVEN22/CL/E14 230V GE 1/50', '230V', 15, 'E14', 1000, 215),
(12510, 2, 'TU*25P1/CL/E14 230V GE 1/50 OVEN', '230V', 25, 'E14', 300, 215),
(12988, 8, 'OT*Q50MR16 240V GU10 RED GEST BX ', '240', 50, 'GU10', 1500, 1133),
(12995, 8, 'OT*Q50MR16 240V GU10 BLUE GEST BX ', '240', 50, 'GU10', 1500, 1133),
(13003, 8, 'OT*Q50MR16 240V GU10 YELLOW GEST BX ', '240', 50, 'GU10', 1500, 1133),
(13118, 3, 'TU*15T25/CL/E14 230V GE 1/50', '230V', 15, 'E14', 1000, 214),
(17200, 8, 'OT FTD/M262/CG 12V 20W GEST FTD/CG', '12', 20, 'GU4', 2000, 310),
(17201, 8, 'OT FTF/M199/CG 12V 35W GEST FTH/CG', '12', 35, 'GU4', 2000, 310),
(19625, 8, 'TU*MR11/20W/M262/FTD/CG 12V GE FTD/CG', '12', 20, 'GU4', 3500, 802),
(19626, 8, 'TU*MR11/20W/M62/FTD 12V GE FTD', '12', 20, 'GU4', 3500, 802),
(19627, 8, 'TU*MR11/35W/M266/FTF/CG 12V GE FTF/CG', '12', 35, 'GU4', 3500, 802),
(19634, 8, 'TU*MR11/35W/M199/FTH 12V GE FTH', '12', 35, 'GU4', 3500, 802),
(19635, 8, 'TU*MR11/35W/M66/FTF 12V GE FTF', '12', 35, 'GU4', 3500, 802),
(19636, 8, 'TU*MR11/20W/M251/FTC/CG 12V GE FTC/CG', '12', 20, 'GU4', 3500, 802),
(19639, 8, 'TU*MR11/12W/M264/FTA/CG 12V GE FTA/CG', '12', 12, 'GU4', 2000, 802),
(20840, 8, 'EYC/CC 71W 12V  EYC', '12', 71, 'GU5.3', 4000, 1315),
(20841, 8, 'EYJ/CC 71W 12V  EYJ', '12', 71, 'GU5.3', 4000, 1314),
(20857, 8, 'BAB/CG 12V', '12', 20, 'GU5.3', 5000, 1335),
(20859, 8, 'FMW/CG 12V', '12', 35, 'GU5.3', 5000, 1335),
(20865, 8, 'FNV/CG 12V', '12', 50, 'GU5.3', 6000, 1335),
(20867, 8, 'EXN/CG 12V', '12', 50, 'GU5.3', 6000, 1335),
(20871, 8, 'EXZ/CG', '12', 50, 'GU5.3', 6000, 1335),
(20872, 8, 'EXT/CG 12V', '12', 50, 'GU5.3', 6000, 1335),
(20873, 8, 'EYC/CG 12V', '12', 71, 'GU5.3', 4000, 1540),
(20874, 8, 'EYJ/CG 12V', '12', 71, 'GU5.3', 4000, 1540),
(28720, 6, '150R/IR/CL/E27 235-245V', '230-240V', 150, 'E27', 5000, 1729),
(28724, 6, '250R/IR/CL/E27 235-245V', '230-240V', 250, 'E27', 5000, 1784),
(28733, 5, 'TU 25R39/E14 240V GE 1/10/100', '240V', 25, 'E14', 1000, 449),
(31546, 4, '60A1/P/VRS/ES 110/120V BE', '120V', 60, 'E27', 1500, 329),
(31597, 4, '40A1/P/VRS/ES 200/250V BE', '200-250V', 40, 'E27', 1000, 329),
(31620, 4, '60A1/P/VRS/ES 200/250V BE', '200-250V', 60, 'E27', 1500, 329),
(31722, 1, '50V60/P/ES BE', '50V', 60, 'E27', 1000, 265),
(31836, 3, 'TU 15P1/CL/SES 200/250V 1/10/50', '200-250V', 15, 'E14', 1000, 201),
(34420, 3, 'TU 25W E14 240V GE 28 PYGMY CL MIH', '240V', 25, 'E14', 1000, 201),
(35174, 1, 'TU 100A1/CL/E27 24V GE 1/10/100 MIH', '24V', 100, 'E27', 1000, 265),
(35178, 1, 'TU 25A1/CL/E27 24V GE 1/10/100 MIH', '24V', 25, 'E27', 1000, 265),
(35192, 4, 'TU 60A1/RS/CL/E27 230V GE BX1/20 MIH', '230V', 60, 'E27', 1000, 445),
(35238, 4, 'TU 70A1/CL/E27 230V TRS GE 1/10/100 MIH', '230V', 70, 'E27', 3000, 594),
(35239, 4, 'TU 60A1/CL/E27 230V TRS GE 1/10/100 MIH', '230V', 60, 'E27', 3000, 594),
(35266, 5, 'TU 40R50/SES 240V BE GE 1/10/50 MIH', '240', 40, 'E14', 1000, 286),
(38000, 8, 'OT M69/BAB/EC 20W 12V GE BX 1/20 MIC', '12', 20, 'GU5.3', 2000, 274),
(38001, 8, 'OT M81/FMW/EC 35W 12V GE BX 1/20 MIC', '12', 35, 'GU5.3', 2000, 274),
(38002, 8, 'OT M58/EXN/EC 50W 12V GE BX 1/20 MIC', '12', 50, 'GU5.3', 2000, 274),
(38012, 8, 'OT M268/ESX/EC 20W 12V GE BX 1/20 MIC', '12', 20, 'GU5.3', 2000, 274),
(38013, 8, 'OT FRB/CG/EC 35W 12V GE BX 1/20 MIC', '12', 35, 'GU5.3', 2000, 274),
(38014, 8, 'OT M249/EXT/EC 50W 12V GE BX 1/20 MIC', '12', 50, 'GU5.3', 2000, 274),
(39236, 8, 'OT M280/FNV/EC 50W 12V GE BX 1/20 MIC', '12', 50, 'GU5.3', 2000, 274),
(39611, 8, 'OT M250/EXZ/EC 50W 12V GE BX 1/20 MIC', '12', 50, 'GU5.3', 2000, 274),
(40362, 8, 'OT*Q50PAR20 230V E27 30DGR GE BX1/15', '230', 50, 'E27', 2000, 4612),
(40365, 8, 'OT*Q50PAR20 240V E27 30DGR GE BX1/15', '240', 50, 'E27', 2000, 4612),
(88216, 8, 'OT M269/BAB/CG/AL 20W 12V GE  BX1/10 MIC', '12', 20, 'GU5.3', 3000, 299),
(88217, 8, 'OT M281/FMW/CG/AL 35W 12V GE BX1/10 MIC', '12', 35, 'GU5.3', 3000, 299),
(88229, 8, 'OT M81/FMW 35W 12V GE BX1/10 MIC', '12', 35, 'GU5.3', 5000, 512),
(88231, 8, 'OT M69/BAB 20W 12V GE BX1/10 MIC', '12', 20, 'GU5.3', 5000, 512),
(88232, 8, 'OT M80/FNV 50W 12V GE BX1/10 MIC', '12', 50, 'GU5.3', 5000, 512),
(88234, 8, 'OT M58/EXN 50W 12V GE BX1/10 MIC', '12', 50, 'GU5.3', 5000, 512),
(88235, 8, 'OT M269/BAB/CG 20W 12V GE BX1/10 MIC', '12', 20, 'GU5.3', 5000, 615),
(88236, 8, 'OT M281/FMW/CG 35W 12V GE BX1/10 MIC', '12', 35, 'GU5.3', 5000, 615),
(88237, 8, 'OT M250/EXZ/CG 50W 12V GE BX1/10 MIC', '12', 50, 'GU5.3', 5000, 615),
(88238, 8, 'OT M280/FNV/CG 50W 12V GE BX1/10 MIC', '12', 50, 'GU5.3', 5000, 615),
(88239, 8, 'OT M258/EXN/CG 50W 12V GE BX1/10 MIC', '12', 50, 'GU5.3', 5000, 615),
(90525, 7, 'TU*15D1/R/E14 230V GE 1/10/50 MIH', '230', 15, 'E14', 1000, 213),
(90526, 7, 'TU*15D1/Y/E14 230V GE 1/10/50 MIH', '230', 15, 'E14', 1000, 213),
(90527, 7, 'TU*15D1/Y/E27 230V GE 1/10/50 MIH', '230', 15, 'E27', 1000, 269),
(90528, 7, 'TU*15D1/ORANGE/E27 230V GE 1/10/50 MIH', '230', 15, 'E27', 1000, 269),
(90531, 7, 'TU*15D1/R/E27 230V GE 1/10/50 MIH', '230', 15, 'E27', 1000, 269),
(91079, 5, 'TU*40R63/E27 230V GE 1/10/40 MIH', '230', 40, 'E27', 1000, 246),
(91080, 5, 'TU*60R63/E27 230V GE 1/10/40 MIH', '230', 60, 'E27', 1000, 314),
(91227, 4, 'TU*100A1/F-RS/E27 230-240V GE 1/20 MIH', '230-240V', 100, 'E27', 3000, 335),
(91228, 4, 'TU*40A1/F-RS/E27 230-240V GE 1/20 MIH', '230-240V', 40, 'E27', 3000, 445),
(91229, 4, 'TU*60A1F-RSE27 230-240V GE1/20MIH 2500h', '230-240V', 60, 'E27', 3000, 445),
(91288, 6, 'TU*150/IR/F/E27 240V GE 1/10 MIH', '240V', 150, 'E27', 5000, 1780),
(91327, 5, 'TU*60R50/E14 230V GE 1/10/50 MIH', '230V', 60, 'E14', 1000, 286),
(91330, 5, 'TU*60R50/E14 240V BE GE 1/10/50 MIH', '240', 60, 'E14', 1000, 286),
(91372, 6, 'TU*150R/IR/R/E27 240V GE 1/10 MIH', '240V', 150, 'E27', 5000, 1804),
(91386, 5, 'TU*40R50/R/E14 230V GE 1/25 MIH', '230V', 40, 'E14', 1000, 775),
(91387, 5, 'TU*40R50/B/E14 230V GE 1/25 MIH', '230V', 40, 'E14', 1000, 775),
(91388, 5, 'TU*40R50/Y/E14 230V GE 1/25 MIH', '230V', 40, 'E14', 1000, 813),
(91389, 5, 'TU*40R50/G/E14 230V GE 1/25 MIH', '230V', 40, 'E14', 1000, 813),
(91390, 6, 'TU*250R/IR/F/E27 240V GE 1/10 MIH', '240V', 250, 'E27', 5000, 1974),
(91391, 6, 'TU*250R/IR/R/E27 240V GE 1/10 MIH', '240V', 250, 'E27', 5000, 1974),
(91521, 7, 'TU*15D1/G/E27 230V GE 1/10/50 MIH', '230', 15, 'E27', 1000, 269),
(91522, 7, 'TU*15D1/B/E27 230V GE 1/10/50 MIH', '230', 15, 'E27', 1000, 269),
(91523, 5, 'TU*25R39/E14 230V GE 1/10/100', '230V', 25, 'E14', 1000, 449),
(91524, 5, 'TU*30R39/E14 230V GE 1/10/100', '230V', 30, 'E14', 1000, 449),
(91525, 5, 'TU*60R80/B/E27 230V GE 1/40 MIH', '230V', 60, 'E27', 1000, 838),
(91526, 5, 'TU*60R80/G/E27 230V GE 1/40 MIH', '230V', 60, 'E27', 1000, 838),
(91527, 5, 'TU*60R80/Y/E27 230V GE 1/40 MIH', '230V', 60, 'E27', 1000, 838),
(91528, 5, 'TU*60R80/R/E27 230V GE 1/40 MIH', '230V', 60, 'E27', 1000, 838),
(91873, 1, 'TU 100A1/F/E27 24V GE 1/10/100 MIH', '24V', 100, 'E27', 1000, 328),
(91875, 1, 'TU*60A1/F/E27 24V GE 1/10/100 MIH', '24V', 60, 'E27', 1000, 328),
(91876, 1, 'TU*40A1/CL/E27 24V GE 1/10/100 MIH', '24V', 40, 'E27', 1000, 265),
(91877, 1, 'TU*60A1/CL/E27 24V GE 1/10/100 MIH', '24V', 60, 'E27', 1000, 265),
(91907, 7, 'TU*15D1/R/B22 230V GE 1/10/50 MIH', '230', 15, 'B22', 1000, 150),
(91908, 7, 'TU*15D1/Y/B22 230V GE 1/10/50 MIH', '230', 15, 'B22', 1000, 269),
(91910, 7, 'TU*15D1/B/B22 230V GE 1/10/50 MIH', '230', 15, 'B22', 1000, 150),
(91913, 7, 'TU*15D1/G/B22 230V GE 1/10/50 MIH', '230', 15, 'B22', 1000, 269),
(91950, 3, 'TU*15P1/CL/E14 240V GE 1/10/50 MIH 26MM', '240V', 15, 'E14', 1000, 201),
(91955, 3, 'TU*25P1/CL/E14 230V GE 1/10/50 MIH', '230V', 25, 'E14', 1000, 201),
(92001, 7, 'TU*15D1/B/E14 230V GE 1/10/50 MIH', '230', 15, 'E14', 1000, 213),
(92004, 7, 'TU*15D1/G/E14 230V GE 1/10/50 MIH', '230', 15, 'E14', 1000, 213),
(92046, 3, 'TU*15P1/CL/E14 230V GE 1/10/50 MIH 26MM', '230V', 15, 'E14', 1000, 201),
(92366, 5, 'TU*40R50/E14 230V GE 1/10/50 MIH', '230V', 40, 'E14', 1000, 286),
(92839, 5, 'TU 60R80S/E27 230V GE BX 1/10 MIH', '230', 60, 'E27', 1000, 449),
(92858, 5, 'TU*40R80S/E27 230V GE BX 1/10 MIH', '230', 40, 'E27', 1000, 449),
(148812, 3, 'TU 5W E14 220-230V TU PYGMY CLEAR', '220-230V', 5, 'E14', 1000, 201),
(328760, 5, 'TU 40R63/E27 240V GE 1/10/40MIH', '240', 40, 'E27', 1000, 314),
(328766, 5, 'TU 60R63/E27 240V GE 1/10/40MIH', '240', 60, 'E27', 1000, 314),
(328779, 5, 'TU 40R80/E27 240V GE 1/40 MIH', '240', 40, 'E27', 1000, 449),
(508102, 4, 'TU 60A1/R.S-CL/E27 240V TU 1/100 MIH', '240V', 60, 'E27', 1000, 445),
(508103, 4, 'TU 60A1/R.S-CL/E27 230V TU 1/100 MIH', '230V', 60, 'E27', 1000, 445),
(508161, 1, 'TU 40W E27 24V TU GLS CL 1/10/100 MIH', '24V', 40, 'E27', 1000, 328),
(508162, 1, 'TU 60W E27 24V TU GLS CL 1/10/100 MIH', '24V', 60, 'E27', 1000, 328),
(508163, 1, 'TU 60W E27 42V TU GLS CL 1/10/100 MIH', '42V', 60, 'E27', 1000, 265),
(508165, 1, 'TU 100W E27 24V TU GLS CL 1/10/100 MIH', '24V', 100, 'E27', 1000, 344),
(509688, 5, 'TU 30W E14 230V TU R39S MIH', '230', 30, 'E14', 1000, 449),
(509689, 5, 'TU 25W E14 230V TU R50S MIH', '230', 25, 'E14', 1000, 286),
(509690, 5, 'TU 40W E14 230V TU R50S MIH', '230', 40, 'E14', 1000, 286),
(509691, 5, 'TU 40W E27 230V TU R63S MIH', '230', 40, 'E27', 1000, 314),
(509692, 5, 'TU 60W E27 230V TU R63S MIH', '230', 60, 'E27', 1000, 314),
(509693, 5, 'TU 40W E27 230V TU R80S MIH', '230', 40, 'E27', 1000, 449),
(509694, 5, 'TU 60W E27 230V TU R80S MIH', '230', 60, 'E27', 1000, 449),
(509699, 6, 'TU 150R/IR/CL/E27 235/245V TU MIH', '235-245V', 150, 'E27', 5000, 1729),
(509700, 6, 'TU 150R/IR/SA/E27 235/245V TU MIH', '235-245V', 150, 'E27', 5000, 1922),
(509701, 6, 'TU 150R/IR/RU/E27 235/245V TU MIH', '235-245V', 150, 'E27', 5000, 1894),
(509702, 6, 'TU 250R/IR/CL/E27 235/245V TU MIH', '235-245V', 250, 'E27', 5000, 1784),
(509705, 3, 'TU 15W E14 230V TU 26MM PYGMY CLEAR MIH', '230V', 15, 'E14', 1000, 201),
(509706, 3, 'TU 15W E14 240V TU 26MM PYGMY CLEAR MIH', '240V', 15, 'E14', 1000, 201),
(509707, 3, 'TU 15W B15 230V TU 26MM PYGMY CLEAR MIH', '230V', 15, 'B15', 1000, 201),
(509709, 3, 'TU 25W E14 230V TU 28MM PYGMY CLEAR MIH', '230V', 25, 'E14', 1000, 201),
(509714, 6, 'TU 250R/IR/SA/E27 235-245V TU MIH', '235-245V', 250, 'E27', 5000, 1974),
(509715, 6, 'TU 250R/IR/RU/E27 235-245V TU MIH', '235-245V', 250, 'E27', 5000, 2029),
(510280, 7, 'TU NIGHTLIGHT E27 230V TU SPHER GR MIH', '230', 5, 'E27', 1000, 247),
(510281, 7, 'TU NIGHTLIGHT E27 230V TU SPH BLUE MIH', '230', 5, 'E27', 1000, 247),
(510282, 7, 'TU NIGHTLIGHT E27 230V TU SPHER YELL MIH', '230', 5, 'E27', 1000, 247),
(510283, 7, 'TU NIGHTLIGHT E27 230V TU SPHER RED MIH', '230', 5, 'E27', 1000, 247),
(510348, 5, 'TU 25W E14 230V TU R39S MIH 1/10/100', '230', 25, 'E14', 1000, 449),
(510349, 5, 'TU 40W E14 240V TU R50S BE MIH 1/10/50', '240', 40, 'E14', 1000, 286),
(510350, 5, 'TU 25W E14 240V TU R50S MIH 1/10/50', '240', 25, 'E14', 1000, 286),
(510351, 5, 'TU 60W E14 230V TU R50S MIH 1/10/50', '230', 60, 'E14', 1000, 286),
(510353, 5, 'TU 60W E27 240V TU R63S BE MIH 1/10/50', '240', 60, 'E27', 1000, 314),
(510354, 5, 'TU 40W E27 240V TU R63S BE MIH 1/10/50', '240', 40, 'E27', 1000, 314),
(510356, 5, 'TU 60W E27 240V TU R80S BE MIH 1/25', '240', 60, 'E27', 1000, 449),
(510413, 5, 'TU 60W E27 230V TU DISCO R80RE MIH 1/25', '230', 60, 'E27', 1000, 838),
(510414, 5, 'TU 60W E27 230V TU DISCO R80YE MIH 1/25', '230', 60, 'E27', 1000, 838),
(510415, 5, 'TU 60W E27 230V TU DISCO R80BL MIH 1/25', '230', 60, 'E27', 1000, 838),
(510416, 5, 'TU 60W E27 230V TU DISCO R80GR MIH 1/25', '230', 60, 'E27', 1000, 838),
(510446, 4, 'TU 100W E27 230V TU RS CL 1/20 MIH', '230V', 100, 'E27', 1000, 445),
(510495, 3, 'TU 15W B15 240V TU 26MM PYGMY CL MIH', '240V', 15, 'B15', 1000, 201),
(510500, 3, 'TU 25W E14 240V TU 28MM PYGMY CL MIH', '240V', 25, 'E14', 1000, 201),
(510511, 8, 'OT M281/FMW/EC 35W 12V GE BX 1/20 MIC', '12', 35, 'GU5.3', 2000, 274),
(510512, 8, 'OT M269/BAB/EC 20W 12V GE BX 1/20 MIC', '12', 20, 'GU5.3', 2000, 274),
(510513, 8, 'OT M258/EXN/EC 50W 12V GE BX 1/20 MIC', '12', 50, 'GU5.3', 2000, 274),
(510612, 1, 'TU 60W E27 36V TU GLS CL MIH 1/10/100', '36V', 60, 'E27', 1000, 265),
(510613, 1, 'TU 40W E27 42V TU GLS CL MIH 1/10/100', '42V', 40, 'E27', 1000, 265),
(511607, 3, 'TU 15WE14 240V TU 28MM PYG CLMIH1/10/100', '240V', 15, 'E14', 1000, 201),
(516032, 8, 'OT Q50MR16 240V GU10 FL GEST BX1/10 MIC', '240', 50, 'GU10', 1500, 392),
(516134, 8, 'OT Q50MR16 230V GU10 FL GEST BX1/10 MIC', '230', 50, 'GU10', 1500, 392),
(516969, 8, 'OT*Q35MR16 230V GU10 FL GEST BX1/10 MIC', '230', 35, 'GU10', 1500, 392),
(516970, 8, 'OT*Q20MR16 230V GU10 FL GEST BX1/10 MIC', '230', 20, 'GU10', 1500, 392);

INSERT INTO rendelesek (razon, rdatum, tazon, db) VALUES
(1, '2015-01-01', 20857, 5),
(2, '2015-01-01', 509694, 1),
(3, '2015-01-01', 91389, 6),
(4, '2015-01-01', 516969, 6),
(5, '2015-01-01', 31836, 1),
(6, '2015-01-01', 510348, 24),
(7, '2015-01-01', 35266, 3),
(8, '2015-01-01', 508103, 4),
(9, '2015-01-01', 91907, 5),
(10, '2015-01-02', 88236, 6),
(11, '2015-01-02', 509700, 5),
(12, '2015-01-02', 91386, 1),
(13, '2015-01-02', 91522, 6),
(14, '2015-01-02', 92858, 1),
(15, '2015-01-02', 510613, 3),
(16, '2015-01-02', 509694, 3),
(17, '2015-01-02', 510446, 3),
(18, '2015-01-03', 31722, 5),
(19, '2015-01-03', 510414, 12),
(20, '2015-01-03', 20841, 24),
(21, '2015-01-03', 12447, 3),
(22, '2015-01-03', 510446, 5),
(23, '2015-01-03', 20857, 6),
(24, '2015-01-03', 91524, 12),
(25, '2015-01-03', 509689, 1),
(26, '2015-01-03', 88229, 10),
(27, '2015-01-03', 20857, 3),
(28, '2015-01-03', 508161, 4),
(29, '2015-01-04', 90526, 4),
(30, '2015-01-04', 510354, 3),
(31, '2015-01-04', 35266, 4),
(32, '2015-01-04', 91876, 4),
(33, '2015-01-04', 91386, 3),
(34, '2015-01-04', 88216, 3),
(35, '2015-01-04', 509715, 5),
(36, '2015-01-05', 91526, 4),
(37, '2015-01-05', 40365, 1),
(38, '2015-01-05', 91228, 4),
(39, '2015-01-05', 20872, 1),
(40, '2015-01-05', 91080, 5),
(41, '2015-01-05', 508161, 5),
(42, '2015-01-05', 91875, 10),
(43, '2015-01-05', 91330, 3),
(44, '2015-01-06', 516970, 3),
(45, '2015-01-06', 510282, 6),
(46, '2015-01-06', 90528, 24),
(47, '2015-01-06', 510351, 6),
(48, '2015-01-06', 34420, 10),
(49, '2015-01-06', 509714, 3),
(50, '2015-01-06', 88235, 5),
(51, '2015-01-06', 91288, 10),
(52, '2015-01-06', 510353, 5),
(53, '2015-01-06', 509690, 4),
(54, '2015-01-06', 38002, 4),
(55, '2015-01-06', 510416, 6),
(56, '2015-01-06', 20874, 24),
(57, '2015-01-06', 510348, 4),
(58, '2015-01-06', 509688, 10),
(59, '2015-01-07', 516970, 12),
(60, '2015-01-07', 13118, 3),
(61, '2015-01-07', 510349, 5),
(62, '2015-01-07', 19627, 6),
(63, '2015-01-07', 510495, 24),
(64, '2015-01-07', 509714, 4),
(65, '2015-01-07', 510348, 10),
(66, '2015-01-07', 510446, 12),
(67, '2015-01-08', 148812, 4),
(68, '2015-01-08', 91523, 10),
(69, '2015-01-08', 19625, 5),
(70, '2015-01-09', 510612, 3),
(71, '2015-01-09', 510349, 5),
(72, '2015-01-09', 516134, 10),
(73, '2015-01-09', 10775, 4),
(74, '2015-01-09', 328760, 12),
(75, '2015-01-09', 148812, 3),
(76, '2015-01-09', 509714, 5),
(77, '2015-01-09', 510354, 3),
(78, '2015-01-10', 90528, 5),
(79, '2015-01-10', 13003, 3),
(80, '2015-01-10', 92858, 3),
(81, '2015-01-10', 17200, 12),
(82, '2015-01-10', 508161, 4),
(83, '2015-01-10', 510413, 5),
(84, '2015-01-11', 31597, 24),
(85, '2015-01-11', 328760, 3),
(86, '2015-01-11', 10775, 5),
(87, '2015-01-11', 510350, 10),
(88, '2015-01-11', 20872, 12),
(89, '2015-01-11', 91327, 10),
(90, '2015-01-11', 90528, 6),
(91, '2015-01-11', 91386, 5),
(92, '2015-01-11', 92001, 3),
(93, '2015-01-11', 20872, 4),
(94, '2015-01-12', 20840, 6),
(95, '2015-01-12', 20840, 10),
(96, '2015-01-12', 19636, 12),
(97, '2015-01-13', 509690, 5),
(98, '2015-01-13', 510349, 12),
(99, '2015-01-13', 10775, 12),
(100, '2015-01-13', 91390, 4),
(101, '2015-01-14', 511607, 5),
(102, '2015-01-14', 19635, 4),
(103, '2015-01-14', 88231, 3),
(104, '2015-01-14', 510513, 10),
(105, '2015-01-14', 91080, 4),
(106, '2015-01-14', 38013, 10),
(107, '2015-01-14', 19625, 4),
(108, '2015-01-14', 13118, 12),
(109, '2015-01-15', 17200, 4),
(110, '2015-01-15', 510495, 10),
(111, '2015-01-15', 88231, 1),
(112, '2015-01-15', 13003, 10),
(113, '2015-01-15', 91521, 24),
(114, '2015-01-15', 20859, 6),
(115, '2015-01-15', 35178, 3),
(116, '2015-01-16', 510348, 10),
(117, '2015-01-16', 40362, 3),
(118, '2015-01-16', 88216, 1),
(119, '2015-01-16', 511607, 12),
(120, '2015-01-16', 508102, 5),
(121, '2015-01-16', 88239, 3),
(122, '2015-01-16', 509689, 3),
(123, '2015-01-16', 10857, 10),
(124, '2015-01-17', 38001, 10),
(125, '2015-01-17', 28724, 3),
(126, '2015-01-17', 20872, 6),
(127, '2015-01-17', 510513, 3),
(128, '2015-01-17', 31546, 6),
(129, '2015-01-17', 38014, 10),
(130, '2015-01-17', 38013, 5),
(131, '2015-01-17', 19635, 12),
(132, '2015-01-17', 35239, 3),
(133, '2015-01-17', 91372, 3),
(134, '2015-01-17', 509700, 5),
(136, '2015-01-18', 509701, 10),
(137, '2015-01-18', 510280, 24),
(138, '2015-01-18', 39236, 4),
(139, '2015-01-18', 92046, 6),
(140, '2015-01-18', 13003, 12),
(141, '2015-01-18', 91524, 4),
(142, '2015-01-18', 91907, 6),
(143, '2015-01-18', 35266, 4),
(144, '2015-01-18', 19626, 4),
(145, '2015-01-19', 90528, 24),
(146, '2015-01-19', 91080, 3),
(147, '2015-01-19', 92001, 6),
(148, '2015-01-19', 509715, 4),
(149, '2015-01-19', 12988, 10),
(150, '2015-01-19', 91913, 24),
(151, '2015-01-19', 13118, 1),
(152, '2015-01-20', 91389, 3),
(153, '2015-01-20', 510495, 5),
(154, '2015-01-20', 91390, 12),
(155, '2015-01-20', 88237, 5),
(156, '2015-01-20', 92366, 10),
(157, '2015-01-20', 91229, 4),
(158, '2015-01-20', 39611, 10),
(159, '2015-01-20', 35266, 5),
(160, '2015-01-21', 35238, 3),
(161, '2015-01-21', 509701, 5),
(162, '2015-01-21', 38014, 5),
(163, '2015-01-21', 88216, 12),
(164, '2015-01-21', 510416, 4),
(165, '2015-01-21', 509702, 1),
(166, '2015-01-21', 20841, 12),
(167, '2015-01-21', 31836, 6),
(168, '2015-01-22', 509691, 24),
(169, '2015-01-22', 19625, 12),
(170, '2015-01-22', 38000, 4),
(171, '2015-01-22', 509701, 5),
(172, '2015-01-22', 35192, 10),
(173, '2015-01-22', 516970, 10),
(174, '2015-01-22', 10775, 6),
(175, '2015-01-22', 88216, 3),
(176, '2015-01-22', 91524, 10),
(177, '2015-01-22', 88231, 3),
(178, '2015-01-23', 20872, 10),
(179, '2015-01-23', 510281, 6),
(180, '2015-01-23', 510281, 24),
(181, '2015-01-23', 509706, 4),
(182, '2015-01-23', 91288, 12),
(183, '2015-01-23', 20859, 3),
(184, '2015-01-23', 91913, 3),
(185, '2015-01-24', 13118, 5),
(186, '2015-01-24', 509714, 10),
(187, '2015-01-24', 510416, 4),
(188, '2015-01-24', 31597, 3),
(189, '2015-01-24', 13118, 5),
(190, '2015-01-24', 516970, 4),
(191, '2015-01-24', 516970, 10),
(192, '2015-01-24', 92839, 4),
(193, '2015-01-24', 88231, 3),
(194, '2015-01-25', 510356, 4),
(195, '2015-01-25', 510512, 24),
(196, '2015-01-25', 92366, 5),
(197, '2015-01-25', 10775, 10),
(198, '2015-01-25', 35239, 6),
(199, '2015-01-25', 38000, 10),
(200, '2015-01-25', 509714, 10),
(201, '2015-01-25', 20874, 4),
(202, '2015-01-25', 19634, 3),
(203, '2015-01-26', 508102, 10),
(204, '2015-01-26', 516134, 5),
(205, '2015-01-26', 92839, 5),
(206, '2015-01-26', 10857, 4),
(207, '2015-01-26', 91388, 6),
(208, '2015-01-26', 509706, 4),
(209, '2015-01-26', 510283, 10),
(210, '2015-01-27', 10767, 1),
(211, '2015-01-27', 91386, 5),
(212, '2015-01-27', 509690, 5),
(213, '2015-01-27', 20859, 10),
(214, '2015-01-27', 91950, 3),
(215, '2015-01-27', 13003, 10),
(216, '2015-01-27', 509689, 5),
(217, '2015-01-28', 91523, 5),
(218, '2015-01-28', 510348, 10),
(219, '2015-01-28', 509691, 6),
(220, '2015-01-28', 509699, 5),
(221, '2015-01-28', 91873, 5),
(222, '2015-01-28', 12510, 3),
(223, '2015-01-29', 92046, 10),
(224, '2015-01-29', 88239, 1),
(225, '2015-01-29', 510348, 1),
(226, '2015-01-29', 91955, 10),
(227, '2015-01-29', 34420, 4),
(228, '2015-01-30', 17201, 3),
(229, '2015-01-30', 10857, 10),
(230, '2015-01-30', 13118, 4),
(231, '2015-01-30', 92839, 6),
(232, '2015-01-30', 510348, 1),
(233, '2015-01-30', 508165, 5),
(234, '2015-01-31', 91390, 5),
(235, '2015-01-31', 509691, 5),
(236, '2015-01-31', 12447, 5),
(237, '2015-01-31', 38000, 1),
(238, '2015-01-31', 34420, 10),
(239, '2015-01-31', 91950, 24),
(240, '2015-01-31', 509715, 12),
(241, '2015-01-31', 40365, 6),
(242, '2015-01-31', 38012, 6),
(243, '2015-02-01', 510613, 24),
(244, '2015-02-01', 91372, 4),
(245, '2015-02-01', 92366, 10),
(246, '2015-02-01', 91523, 6),
(247, '2015-02-01', 516969, 4),
(248, '2015-02-01', 509691, 24),
(249, '2015-02-01', 91873, 6),
(250, '2015-02-02', 12510, 10),
(251, '2015-02-02', 91876, 5),
(252, '2015-02-02', 20871, 12),
(253, '2015-02-02', 28733, 3),
(254, '2015-02-02', 91327, 5),
(255, '2015-02-02', 328766, 4),
(256, '2015-02-02', 90526, 3),
(257, '2015-02-02', 92366, 10),
(258, '2015-02-02', 88236, 10),
(259, '2015-02-02', 19625, 12),
(260, '2015-02-02', 12995, 3),
(261, '2015-02-02', 328779, 5),
(262, '2015-02-03', 35192, 5),
(263, '2015-02-03', 20859, 5),
(264, '2015-02-03', 12510, 24),
(265, '2015-02-03', 31722, 4),
(266, '2015-02-04', 509688, 4),
(267, '2015-02-04', 509693, 1),
(268, '2015-02-04', 28720, 6),
(269, '2015-02-04', 28724, 10),
(270, '2015-02-04', 91327, 4),
(271, '2015-02-05', 38002, 3),
(272, '2015-02-05', 511607, 4),
(273, '2015-02-05', 91523, 10),
(274, '2015-02-05', 508163, 3),
(275, '2015-02-05', 509689, 6),
(276, '2015-02-05', 88217, 12),
(277, '2015-02-05', 20859, 24),
(278, '2015-02-06', 509701, 6),
(279, '2015-02-06', 39236, 3),
(280, '2015-02-06', 12995, 1),
(281, '2015-02-06', 39611, 1),
(282, '2015-02-06', 91907, 5),
(283, '2015-02-06', 509690, 5),
(284, '2015-02-07', 91372, 10),
(285, '2015-02-07', 91913, 10),
(286, '2015-02-07', 20873, 24),
(287, '2015-02-07', 91907, 3),
(288, '2015-02-07', 19627, 6),
(289, '2015-02-07', 510513, 4),
(290, '2015-02-07', 38002, 3),
(291, '2015-02-08', 92004, 10),
(292, '2015-02-08', 40365, 5),
(293, '2015-02-08', 38000, 4),
(294, '2015-02-08', 91391, 1),
(295, '2015-02-08', 19627, 6),
(296, '2015-02-08', 91525, 5),
(297, '2015-02-08', 38000, 1),
(298, '2015-02-08', 91229, 3),
(299, '2015-02-08', 10857, 12),
(300, '2015-02-08', 328760, 10),
(301, '2015-02-09', 19636, 1),
(302, '2015-02-09', 516970, 5),
(303, '2015-02-09', 509705, 5),
(304, '2015-02-09', 509691, 4),
(305, '2015-02-09', 12447, 10),
(306, '2015-02-09', 38014, 3),
(307, '2015-02-09', 17201, 10),
(308, '2015-02-09', 508162, 10),
(309, '2015-02-09', 509714, 6),
(310, '2015-02-09', 10767, 10),
(311, '2015-02-10', 35192, 1),
(312, '2015-02-10', 509690, 4),
(313, '2015-02-10', 35239, 10),
(314, '2015-02-10', 31836, 5),
(315, '2015-02-10', 510446, 4),
(316, '2015-02-10', 510612, 4),
(317, '2015-02-10', 510356, 1),
(318, '2015-02-10', 38012, 5),
(319, '2015-02-10', 90525, 24),
(320, '2015-02-10', 91950, 4),
(321, '2015-02-10', 516032, 4),
(322, '2015-02-10', 20859, 4),
(323, '2015-02-10', 13118, 5),
(324, '2015-02-11', 35178, 4),
(325, '2015-02-11', 509693, 12),
(326, '2015-02-11', 20871, 5),
(327, '2015-02-11', 508163, 5),
(328, '2015-02-11', 31546, 5),
(329, '2015-02-11', 328766, 1),
(330, '2015-02-11', 31597, 6),
(331, '2015-02-12', 509691, 24),
(332, '2015-02-12', 328760, 6),
(333, '2015-02-12', 509693, 3),
(334, '2015-02-12', 516134, 10),
(335, '2015-02-12', 19636, 4),
(336, '2015-02-12', 88217, 24),
(337, '2015-02-12', 92858, 3),
(338, '2015-02-12', 92001, 12),
(339, '2015-02-13', 91907, 10),
(340, '2015-02-13', 31836, 5),
(341, '2015-02-13', 88232, 1),
(342, '2015-02-13', 35178, 4),
(343, '2015-02-14', 510513, 10),
(344, '2015-02-14', 92046, 6),
(345, '2015-02-14', 328760, 5),
(346, '2015-02-14', 509705, 24),
(347, '2015-02-14', 20840, 5),
(348, '2015-02-14', 91389, 4),
(349, '2015-02-14', 148812, 3),
(350, '2015-02-15', 88231, 4),
(351, '2015-02-15', 91372, 5),
(352, '2015-02-15', 509700, 3),
(353, '2015-02-15', 31836, 3),
(354, '2015-02-15', 328760, 1),
(355, '2015-02-16', 91524, 4),
(356, '2015-02-16', 88229, 6),
(357, '2015-02-16', 92004, 4),
(358, '2015-02-16', 20840, 5),
(359, '2015-02-16', 20840, 5),
(360, '2015-02-16', 13003, 5),
(361, '2015-02-16', 35266, 12),
(362, '2015-02-16', 35239, 1),
(363, '2015-02-17', 91522, 4),
(364, '2015-02-17', 35266, 3),
(365, '2015-02-17', 35238, 5),
(366, '2015-02-17', 509702, 24),
(367, '2015-02-17', 88216, 12),
(368, '2015-02-18', 509688, 3),
(369, '2015-02-18', 148812, 24),
(370, '2015-02-18', 92858, 4),
(371, '2015-02-18', 17201, 12),
(372, '2015-02-18', 92858, 4),
(373, '2015-02-18', 509700, 3),
(374, '2015-02-18', 13003, 5),
(375, '2015-02-18', 509700, 4),
(376, '2015-02-18', 509715, 6),
(377, '2015-02-19', 19625, 1),
(378, '2015-02-19', 328766, 5),
(379, '2015-02-19', 510413, 3),
(380, '2015-02-19', 509700, 5),
(381, '2015-02-19', 91950, 5),
(382, '2015-02-19', 510446, 5),
(383, '2015-02-19', 510495, 4),
(384, '2015-02-19', 510446, 5),
(385, '2015-02-19', 10767, 24),
(386, '2015-02-19', 88229, 10),
(387, '2015-02-20', 509699, 24),
(388, '2015-02-20', 509691, 3),
(389, '2015-02-20', 91955, 10),
(390, '2015-02-20', 39611, 3),
(391, '2015-02-20', 509690, 5),
(392, '2015-02-20', 92001, 12),
(393, '2015-02-20', 516969, 1),
(394, '2015-02-20', 91913, 10),
(395, '2015-02-20', 20867, 5),
(396, '2015-02-21', 35192, 12),
(397, '2015-02-21', 39236, 4),
(398, '2015-02-21', 91875, 5),
(399, '2015-02-21', 35266, 4),
(400, '2015-02-21', 509689, 5),
(401, '2015-02-21', 40365, 4),
(402, '2015-02-21', 91387, 4),
(403, '2015-02-21', 91908, 4),
(404, '2015-02-22', 509693, 5),
(405, '2015-02-22', 91387, 5),
(406, '2015-02-22', 90525, 4),
(407, '2015-02-22', 13003, 1),
(408, '2015-02-23', 31620, 3),
(409, '2015-02-23', 38001, 5),
(410, '2015-02-23', 12447, 6),
(411, '2015-02-23', 92366, 6),
(412, '2015-02-23', 328766, 3),
(413, '2015-02-23', 91327, 5),
(414, '2015-02-23', 91229, 10),
(415, '2015-02-23', 91386, 10),
(416, '2015-02-23', 31836, 1),
(417, '2015-02-23', 91391, 12),
(418, '2015-02-24', 31836, 12),
(419, '2015-02-24', 328779, 10),
(420, '2015-02-24', 88231, 10),
(421, '2015-02-24', 510283, 4),
(422, '2015-02-24', 20871, 6),
(423, '2015-02-24', 13003, 3),
(424, '2015-02-24', 12995, 4),
(425, '2015-02-25', 509715, 3),
(426, '2015-02-25', 91228, 3),
(427, '2015-02-25', 516134, 6),
(428, '2015-02-25', 35266, 3),
(429, '2015-02-25', 92366, 10),
(430, '2015-02-25', 28733, 12),
(431, '2015-02-25', 509690, 5),
(432, '2015-02-25', 509707, 5),
(433, '2015-02-25', 40365, 10),
(434, '2015-02-25', 91391, 6),
(435, '2015-02-26', 88231, 10),
(436, '2015-02-26', 91523, 12),
(437, '2015-02-26', 17201, 10),
(438, '2015-02-26', 510414, 3),
(439, '2015-02-26', 508165, 24),
(440, '2015-02-26', 28720, 4),
(441, '2015-02-27', 88216, 6),
(442, '2015-02-27', 92839, 4),
(443, '2015-02-27', 92046, 6),
(444, '2015-02-27', 88229, 12),
(445, '2015-02-27', 91229, 12),
(446, '2015-02-27', 509692, 3),
(447, '2015-02-27', 12988, 3),
(448, '2015-02-27', 510613, 1),
(449, '2015-02-27', 10857, 12),
(450, '2015-02-27', 13003, 24),
(451, '2015-02-27', 90526, 12),
(452, '2015-02-28', 510413, 10),
(453, '2015-02-28', 509700, 4),
(454, '2015-02-28', 12988, 3),
(455, '2015-02-28', 510512, 3),
(456, '2015-02-28', 91288, 3),
(457, '2015-03-01', 510511, 3),
(458, '2015-03-01', 90525, 24),
(459, '2015-03-01', 90525, 1),
(460, '2015-03-01', 17200, 6),
(461, '2015-03-01', 510500, 10),
(462, '2015-03-01', 510446, 12),
(463, '2015-03-02', 328766, 4),
(464, '2015-03-02', 91327, 12),
(465, '2015-03-02', 510413, 24),
(466, '2015-03-02', 516134, 12),
(467, '2015-03-03', 510513, 1),
(468, '2015-03-03', 88236, 5),
(469, '2015-03-03', 91228, 5),
(470, '2015-03-03', 510413, 5),
(471, '2015-03-03', 10775, 24),
(472, '2015-03-03', 91524, 4),
(473, '2015-03-03', 88238, 6),
(474, '2015-03-03', 91523, 10),
(475, '2015-03-03', 509705, 1),
(476, '2015-03-03', 13118, 12),
(477, '2015-03-04', 508165, 3),
(478, '2015-03-04', 91877, 4),
(479, '2015-03-04', 91390, 4),
(480, '2015-03-04', 91327, 4),
(481, '2015-03-04', 509701, 1),
(482, '2015-03-04', 20840, 12),
(483, '2015-03-04', 13003, 4),
(484, '2015-03-04', 510351, 24),
(485, '2015-03-04', 13118, 6),
(486, '2015-03-04', 91877, 4),
(487, '2015-03-04', 91873, 12),
(488, '2015-03-04', 509690, 1),
(489, '2015-03-05', 91526, 10),
(490, '2015-03-05', 509714, 5),
(491, '2015-03-05', 88217, 3),
(492, '2015-03-05', 10767, 1),
(493, '2015-03-05', 509688, 10),
(494, '2015-03-05', 91526, 5),
(495, '2015-03-05', 20840, 4),
(496, '2015-03-05', 91228, 5),
(497, '2015-03-05', 91955, 3),
(498, '2015-03-05', 328779, 12),
(499, '2015-03-05', 508163, 4),
(500, '2015-03-05', 509700, 5),
(501, '2015-03-05', 509689, 24),
(502, '2015-03-05', 39611, 10),
(503, '2015-03-05', 28724, 3),
(504, '2015-03-05', 17201, 12),
(505, '2015-03-06', 91521, 4),
(506, '2015-03-06', 88216, 1),
(507, '2015-03-06', 92046, 12),
(508, '2015-03-06', 508162, 5),
(509, '2015-03-06', 20840, 10),
(510, '2015-03-06', 10857, 10),
(511, '2015-03-06', 509691, 6),
(512, '2015-03-07', 91877, 5),
(513, '2015-03-07', 35239, 24),
(514, '2015-03-07', 20873, 10),
(515, '2015-03-07', 20867, 10),
(516, '2015-03-07', 91327, 10),
(517, '2015-03-07', 20873, 4),
(518, '2015-03-07', 91523, 5),
(519, '2015-03-07', 31597, 3),
(520, '2015-03-07', 20873, 10),
(521, '2015-03-07', 39611, 10),
(522, '2015-03-07', 17201, 4),
(523, '2015-03-07', 508102, 12),
(524, '2015-03-07', 20865, 24),
(525, '2015-03-07', 509688, 5),
(526, '2015-03-08', 31597, 6),
(527, '2015-03-08', 19627, 12),
(528, '2015-03-08', 509705, 10),
(529, '2015-03-08', 38001, 6),
(530, '2015-03-08', 508161, 1),
(531, '2015-03-08', 91327, 10),
(532, '2015-03-08', 35239, 5),
(533, '2015-03-09', 91526, 3),
(534, '2015-03-09', 88238, 3),
(535, '2015-03-09', 31836, 24),
(536, '2015-03-09', 509690, 3),
(537, '2015-03-09', 91526, 24),
(538, '2015-03-09', 12988, 5),
(539, '2015-03-09', 90525, 3),
(540, '2015-03-09', 510356, 1),
(541, '2015-03-10', 510280, 5),
(542, '2015-03-10', 92046, 4),
(543, '2015-03-10', 88236, 10),
(544, '2015-03-10', 35266, 12),
(545, '2015-03-10', 511607, 5),
(546, '2015-03-10', 91228, 10),
(547, '2015-03-10', 35178, 10),
(548, '2015-03-10', 88236, 3),
(549, '2015-03-10', 88231, 5),
(550, '2015-03-11', 91908, 5),
(551, '2015-03-11', 91526, 4),
(552, '2015-03-11', 91913, 1),
(553, '2015-03-11', 35192, 12),
(554, '2015-03-11', 509688, 12),
(555, '2015-03-11', 91524, 12),
(556, '2015-03-11', 88232, 4),
(557, '2015-03-11', 91526, 5),
(558, '2015-03-12', 35239, 1),
(559, '2015-03-12', 509715, 5),
(560, '2015-03-12', 510348, 12),
(561, '2015-03-12', 510613, 4),
(562, '2015-03-12', 328760, 6),
(563, '2015-03-12', 510613, 5),
(564, '2015-03-13', 510512, 4),
(565, '2015-03-13', 34420, 5),
(566, '2015-03-13', 91227, 5),
(567, '2015-03-13', 91080, 10),
(568, '2015-03-13', 10767, 5),
(569, '2015-03-13', 509701, 24),
(570, '2015-03-13', 508103, 4),
(571, '2015-03-13', 510612, 24),
(572, '2015-03-13', 19639, 5),
(573, '2015-03-13', 91875, 1),
(574, '2015-03-13', 509689, 3),
(575, '2015-03-14', 91388, 3),
(576, '2015-03-14', 90531, 6),
(577, '2015-03-14', 40365, 1),
(578, '2015-03-14', 19636, 24),
(579, '2015-03-15', 12988, 5),
(580, '2015-03-15', 91873, 12),
(581, '2015-03-15', 91387, 6),
(582, '2015-03-15', 31836, 3),
(583, '2015-03-16', 510354, 24),
(584, '2015-03-16', 20857, 5),
(585, '2015-03-16', 92858, 10),
(586, '2015-03-16', 90531, 4),
(587, '2015-03-16', 38013, 10),
(588, '2015-03-16', 90525, 24),
(589, '2015-03-16', 510351, 5),
(590, '2015-03-16', 88217, 10),
(591, '2015-03-17', 40365, 6),
(592, '2015-03-17', 92858, 5),
(593, '2015-03-17', 88236, 3),
(594, '2015-03-17', 91387, 24),
(595, '2015-03-17', 509692, 1),
(596, '2015-03-17', 91526, 3),
(597, '2015-03-17', 510612, 5),
(598, '2015-03-17', 510416, 5),
(599, '2015-03-17', 509692, 12),
(600, '2015-03-17', 31597, 3),
(601, '2015-03-17', 38013, 3),
(602, '2015-03-18', 35174, 4),
(603, '2015-03-18', 91330, 3),
(604, '2015-03-18', 91528, 10),
(605, '2015-03-18', 38000, 24),
(606, '2015-03-18', 91229, 24),
(607, '2015-03-18', 516969, 4),
(608, '2015-03-18', 20871, 24),
(609, '2015-03-19', 19635, 24),
(610, '2015-03-19', 39236, 4),
(611, '2015-03-19', 91229, 1),
(612, '2015-03-19', 19635, 3),
(613, '2015-03-19', 88217, 1),
(614, '2015-03-19', 20840, 1),
(615, '2015-03-19', 90526, 3),
(616, '2015-03-19', 38002, 5),
(617, '2015-03-19', 509702, 12),
(618, '2015-03-19', 516970, 6),
(619, '2015-03-19', 88238, 12),
(620, '2015-03-19', 88237, 5),
(621, '2015-03-19', 510353, 24),
(622, '2015-03-20', 516970, 1),
(623, '2015-03-20', 509709, 5),
(624, '2015-03-20', 510500, 1),
(625, '2015-03-20', 20874, 5),
(626, '2015-03-20', 509692, 5),
(627, '2015-03-20', 20867, 3),
(628, '2015-03-20', 28720, 1),
(629, '2015-03-20', 91330, 12),
(630, '2015-03-20', 509706, 4),
(631, '2015-03-21', 31546, 3),
(632, '2015-03-21', 509701, 4),
(633, '2015-03-21', 10767, 10),
(634, '2015-03-21', 90528, 4),
(635, '2015-03-21', 90525, 5),
(636, '2015-03-21', 12447, 10),
(637, '2015-03-21', 510349, 24),
(638, '2015-03-21', 91525, 10),
(639, '2015-03-21', 510349, 4),
(640, '2015-03-21', 509715, 1),
(641, '2015-03-22', 17200, 3),
(642, '2015-03-22', 510350, 4),
(643, '2015-03-22', 92001, 10),
(644, '2015-03-22', 508102, 4),
(645, '2015-03-22', 91527, 3),
(646, '2015-03-22', 35238, 5),
(647, '2015-03-22', 509707, 3),
(648, '2015-03-23', 510612, 6),
(649, '2015-03-23', 20874, 12),
(650, '2015-03-23', 39611, 5),
(651, '2015-03-23', 510282, 6),
(652, '2015-03-24', 31620, 3),
(653, '2015-03-24', 34420, 3),
(654, '2015-03-24', 91873, 4),
(655, '2015-03-24', 510612, 1),
(656, '2015-03-24', 509715, 12),
(657, '2015-03-25', 510280, 5),
(658, '2015-03-25', 510613, 24),
(659, '2015-03-25', 508162, 4),
(660, '2015-03-25', 509714, 6),
(661, '2015-03-25', 91372, 4),
(662, '2015-03-25', 12510, 5),
(663, '2015-03-25', 91907, 5),
(664, '2015-03-25', 510413, 4),
(665, '2015-03-26', 31597, 3),
(666, '2015-03-26', 91526, 1),
(667, '2015-03-26', 31620, 3),
(668, '2015-03-26', 35266, 6),
(669, '2015-03-26', 510349, 4),
(670, '2015-03-26', 17200, 24),
(671, '2015-03-26', 20874, 3),
(672, '2015-03-26', 91372, 6),
(673, '2015-03-27', 91390, 1),
(674, '2015-03-27', 88235, 3),
(675, '2015-03-27', 38013, 5),
(676, '2015-03-27', 91528, 4),
(677, '2015-03-27', 38013, 6),
(678, '2015-03-27', 509705, 3),
(679, '2015-03-27', 91389, 4),
(680, '2015-03-27', 91875, 4),
(681, '2015-03-27', 91327, 6),
(682, '2015-03-28', 88217, 24),
(683, '2015-03-28', 509709, 10),
(684, '2015-03-28', 91372, 12),
(685, '2015-03-28', 39236, 24),
(686, '2015-03-28', 510354, 3),
(687, '2015-03-28', 91327, 4),
(688, '2015-03-28', 91228, 3),
(689, '2015-03-28', 92366, 6),
(690, '2015-03-29', 20873, 5),
(691, '2015-03-29', 12447, 5),
(692, '2015-03-29', 510613, 6),
(693, '2015-03-29', 19627, 24),
(694, '2015-03-29', 91388, 4),
(695, '2015-03-29', 88232, 5),
(696, '2015-03-30', 509691, 24),
(697, '2015-03-30', 510511, 6),
(698, '2015-03-30', 12447, 10),
(699, '2015-03-30', 20859, 5),
(700, '2015-03-30', 88232, 6),
(701, '2015-03-30', 91079, 1),
(702, '2015-03-30', 88239, 5),
(703, '2015-03-30', 20865, 6),
(704, '2015-03-30', 12510, 1),
(705, '2015-03-30', 91876, 10),
(706, '2015-03-31', 91908, 1),
(707, '2015-03-31', 19634, 6),
(708, '2015-03-31', 88232, 5),
(709, '2015-03-31', 13118, 10),
(710, '2015-03-31', 38000, 3),
(711, '2015-03-31', 91913, 3),
(712, '2015-03-31', 91079, 3),
(713, '2015-03-31', 19636, 4),
(714, '2015-03-31', 91391, 3),
(715, '2015-04-01', 509689, 4),
(716, '2015-04-01', 91386, 10),
(717, '2015-04-01', 19634, 6),
(718, '2015-04-02', 510354, 3),
(719, '2015-04-02', 12510, 6),
(720, '2015-04-02', 91227, 6),
(721, '2015-04-02', 510415, 24),
(722, '2015-04-02', 39611, 3),
(723, '2015-04-02', 20874, 4),
(724, '2015-04-02', 510281, 4),
(725, '2015-04-02', 92001, 5),
(726, '2015-04-03', 509714, 3),
(727, '2015-04-03', 92839, 5),
(728, '2015-04-03', 90531, 5),
(729, '2015-04-04', 28724, 6),
(730, '2015-04-04', 88217, 3),
(731, '2015-04-04', 92046, 3),
(732, '2015-04-04', 516970, 3),
(733, '2015-04-04', 20873, 24),
(734, '2015-04-04', 510612, 5),
(735, '2015-04-04', 92004, 3),
(736, '2015-04-05', 19635, 5),
(737, '2015-04-05', 510280, 5),
(738, '2015-04-05', 92004, 12),
(739, '2015-04-05', 88232, 4),
(740, '2015-04-05', 13003, 1),
(741, '2015-04-06', 20873, 3),
(742, '2015-04-06', 20872, 10),
(743, '2015-04-06', 511607, 4),
(744, '2015-04-06', 510495, 5),
(745, '2015-04-06', 90527, 12),
(746, '2015-04-06', 88229, 6),
(747, '2015-04-06', 509715, 1),
(748, '2015-04-06', 91522, 4),
(749, '2015-04-06', 91390, 24),
(750, '2015-04-06', 91288, 1),
(751, '2015-04-06', 38014, 1),
(752, '2015-04-07', 509694, 5),
(753, '2015-04-07', 509714, 10),
(754, '2015-04-07', 91079, 5),
(755, '2015-04-07', 510351, 3),
(756, '2015-04-07', 90527, 6),
(757, '2015-04-07', 20867, 10),
(758, '2015-04-07', 17201, 4),
(759, '2015-04-08', 516032, 24),
(760, '2015-04-08', 508161, 12),
(761, '2015-04-08', 13003, 3),
(762, '2015-04-08', 19626, 4),
(763, '2015-04-08', 91523, 6),
(764, '2015-04-08', 31836, 10),
(765, '2015-04-08', 511607, 3),
(766, '2015-04-08', 35192, 10),
(767, '2015-04-08', 10767, 1),
(768, '2015-04-09', 509715, 3),
(769, '2015-04-09', 510353, 5),
(770, '2015-04-09', 91080, 5),
(771, '2015-04-10', 31722, 4),
(772, '2015-04-10', 91228, 6),
(773, '2015-04-10', 510415, 10),
(774, '2015-04-10', 91521, 3),
(775, '2015-04-11', 91390, 12),
(776, '2015-04-11', 20859, 5),
(777, '2015-04-11', 510446, 6),
(778, '2015-04-11', 509693, 12),
(779, '2015-04-11', 20859, 12),
(780, '2015-04-11', 508161, 1),
(781, '2015-04-11', 510350, 6),
(782, '2015-04-12', 31722, 10),
(783, '2015-04-12', 91876, 1),
(784, '2015-04-12', 91527, 24),
(785, '2015-04-12', 91327, 10),
(786, '2015-04-12', 20865, 5),
(787, '2015-04-12', 13118, 4),
(788, '2015-04-12', 510511, 24),
(789, '2015-04-13', 28724, 3),
(790, '2015-04-13', 509691, 4),
(791, '2015-04-13', 509705, 3),
(792, '2015-04-13', 91907, 4),
(793, '2015-04-13', 510348, 5),
(794, '2015-04-13', 88231, 5),
(795, '2015-04-13', 20874, 5),
(796, '2015-04-13', 92004, 3),
(797, '2015-04-13', 91913, 5),
(798, '2015-04-13', 35238, 1),
(799, '2015-04-13', 20857, 12),
(800, '2015-04-14', 34420, 3),
(801, '2015-04-14', 509715, 3),
(802, '2015-04-14', 39236, 5),
(803, '2015-04-14', 510282, 12),
(804, '2015-04-14', 509700, 10),
(805, '2015-04-14', 91388, 1),
(806, '2015-04-15', 509699, 4),
(807, '2015-04-15', 88235, 12),
(808, '2015-04-15', 91524, 10),
(809, '2015-04-15', 28724, 24),
(810, '2015-04-15', 20872, 5),
(811, '2015-04-15', 509694, 1),
(812, '2015-04-15', 92046, 4),
(813, '2015-04-15', 19635, 6),
(814, '2015-04-16', 20872, 24),
(815, '2015-04-16', 516134, 10),
(816, '2015-04-17', 509706, 6),
(817, '2015-04-17', 511607, 6),
(818, '2015-04-17', 88229, 24),
(819, '2015-04-17', 91288, 5),
(820, '2015-04-17', 148812, 3),
(821, '2015-04-18', 38014, 12),
(822, '2015-04-18', 19627, 12),
(823, '2015-04-18', 510446, 10),
(824, '2015-04-18', 509715, 5),
(825, '2015-04-18', 31836, 12),
(826, '2015-04-18', 91526, 4),
(827, '2015-04-18', 91525, 3),
(828, '2015-04-19', 509688, 6),
(829, '2015-04-19', 19634, 5),
(830, '2015-04-19', 508163, 4),
(831, '2015-04-19', 91907, 5),
(832, '2015-04-19', 88239, 12),
(833, '2015-04-19', 509705, 4),
(834, '2015-04-19', 328779, 4),
(835, '2015-04-19', 508161, 6),
(836, '2015-04-19', 13118, 10),
(837, '2015-04-20', 91875, 4),
(838, '2015-04-20', 31836, 5),
(839, '2015-04-20', 328766, 6),
(840, '2015-04-20', 510513, 10),
(841, '2015-04-21', 19634, 4),
(842, '2015-04-21', 510351, 3),
(843, '2015-04-21', 508165, 1),
(844, '2015-04-21', 19626, 24),
(845, '2015-04-21', 20859, 24),
(846, '2015-04-21', 38012, 10),
(847, '2015-04-21', 19635, 3),
(848, '2015-04-21', 91526, 10),
(849, '2015-04-21', 88236, 3),
(850, '2015-04-21', 34420, 1),
(851, '2015-04-21', 88234, 10),
(852, '2015-04-21', 91386, 12),
(853, '2015-04-22', 92858, 6),
(854, '2015-04-22', 20872, 1),
(855, '2015-04-22', 509694, 5),
(856, '2015-04-22', 91388, 6),
(857, '2015-04-22', 90526, 1),
(858, '2015-04-22', 91913, 4),
(859, '2015-04-22', 510354, 4),
(860, '2015-04-22', 20865, 24),
(861, '2015-04-22', 510280, 3),
(862, '2015-04-22', 91526, 6),
(863, '2015-04-23', 510495, 3),
(864, '2015-04-23', 19636, 6),
(865, '2015-04-23', 510613, 1),
(866, '2015-04-23', 508165, 3),
(867, '2015-04-23', 91327, 5),
(868, '2015-04-23', 91907, 1),
(869, '2015-04-23', 509699, 3),
(870, '2015-04-23', 88229, 4),
(871, '2015-04-24', 20867, 12),
(872, '2015-04-24', 39236, 3),
(873, '2015-04-24', 328779, 10),
(874, '2015-04-24', 92001, 4),
(875, '2015-04-24', 510348, 24),
(876, '2015-04-24', 13003, 24),
(877, '2015-04-24', 91080, 10),
(878, '2015-04-24', 510513, 10),
(879, '2015-04-24', 91330, 10),
(880, '2015-04-24', 510280, 4),
(881, '2015-04-24', 12447, 1),
(882, '2015-04-24', 509690, 12),
(883, '2015-04-24', 511607, 10),
(884, '2015-04-25', 10857, 5),
(885, '2015-04-25', 510350, 12),
(886, '2015-04-25', 91523, 10),
(887, '2015-04-25', 510354, 3),
(888, '2015-04-25', 510349, 3),
(889, '2015-04-25', 88217, 5),
(890, '2015-04-25', 510280, 24),
(891, '2015-04-26', 510416, 12),
(892, '2015-04-26', 17201, 10),
(893, '2015-04-26', 19635, 3),
(894, '2015-04-26', 20840, 10),
(895, '2015-04-26', 88217, 6),
(896, '2015-04-26', 328779, 5),
(897, '2015-04-27', 35174, 10),
(898, '2015-04-27', 17201, 3),
(899, '2015-04-27', 91910, 3),
(900, '2015-04-27', 510613, 4),
(901, '2015-04-27', 31546, 10),
(902, '2015-04-27', 20859, 10),
(903, '2015-04-28', 510612, 3),
(904, '2015-04-28', 28720, 4),
(905, '2015-04-28', 40365, 10),
(906, '2015-04-28', 516969, 4),
(907, '2015-04-28', 19627, 4),
(908, '2015-04-28', 91391, 12),
(909, '2015-04-28', 20859, 3),
(910, '2015-04-28', 91386, 3),
(911, '2015-04-28', 510416, 10),
(912, '2015-04-28', 20873, 24),
(913, '2015-04-28', 510414, 3),
(914, '2015-04-28', 509690, 4),
(915, '2015-04-28', 13118, 24),
(916, '2015-04-28', 509714, 4),
(917, '2015-04-28', 91079, 6),
(918, '2015-04-29', 91372, 10),
(919, '2015-04-29', 20857, 10),
(920, '2015-04-29', 88231, 3),
(921, '2015-04-30', 20874, 1),
(922, '2015-04-30', 19635, 10),
(923, '2015-04-30', 91227, 6),
(924, '2015-04-30', 510348, 5),
(925, '2015-04-30', 509709, 6),
(926, '2015-04-30', 20867, 4),
(927, '2015-04-30', 91080, 10),
(928, '2015-04-30', 35174, 6),
(929, '2015-04-30', 508102, 5),
(930, '2015-04-30', 510413, 3),
(931, '2015-05-01', 91522, 24),
(932, '2015-05-01', 20840, 10),
(933, '2015-05-01', 28733, 6),
(934, '2015-05-01', 34420, 4),
(935, '2015-05-02', 510282, 3),
(936, '2015-05-02', 91528, 4),
(937, '2015-05-02', 20840, 24),
(938, '2015-05-02', 509715, 1),
(939, '2015-05-02', 509700, 4),
(940, '2015-05-03', 510354, 10),
(941, '2015-05-03', 511607, 12),
(942, '2015-05-03', 20867, 4),
(943, '2015-05-03', 509694, 5),
(944, '2015-05-03', 20840, 24),
(945, '2015-05-03', 91873, 6),
(946, '2015-05-03', 509688, 24),
(947, '2015-05-03', 328760, 3),
(948, '2015-05-04', 35178, 1),
(949, '2015-05-04', 510613, 3),
(950, '2015-05-04', 510350, 5),
(951, '2015-05-04', 509690, 10),
(952, '2015-05-04', 31620, 5),
(953, '2015-05-04', 510356, 6),
(954, '2015-05-04', 91080, 4),
(955, '2015-05-04', 509694, 5),
(956, '2015-05-05', 35174, 3),
(957, '2015-05-05', 91908, 24),
(958, '2015-05-05', 38001, 4),
(959, '2015-05-05', 510495, 6),
(960, '2015-05-05', 38001, 6),
(961, '2015-05-05', 17200, 10),
(962, '2015-05-06', 38014, 10),
(963, '2015-05-06', 38002, 4),
(964, '2015-05-06', 91524, 5),
(965, '2015-05-06', 510500, 24),
(966, '2015-05-06', 91873, 3),
(967, '2015-05-06', 511607, 24),
(968, '2015-05-06', 509707, 5);

INSERT INTO rendelesek (razon, rdatum, tazon, db) VALUES
(969, '2015-05-06', 91524, 1),
(970, '2015-05-06', 92366, 6),
(971, '2015-05-06', 90526, 10),
(972, '2015-05-06', 509694, 4),
(973, '2015-05-06', 19626, 10),
(974, '2015-05-07', 92366, 10),
(975, '2015-05-07', 38002, 1),
(976, '2015-05-07', 19634, 4),
(977, '2015-05-07', 509715, 24),
(978, '2015-05-07', 91521, 4),
(979, '2015-05-08', 91228, 4),
(980, '2015-05-08', 508165, 4),
(981, '2015-05-08', 91907, 5),
(982, '2015-05-08', 508162, 3),
(983, '2015-05-08', 12510, 3),
(984, '2015-05-09', 509690, 10),
(985, '2015-05-09', 90527, 12),
(986, '2015-05-09', 40365, 3),
(987, '2015-05-09', 92046, 5),
(988, '2015-05-09', 509709, 1),
(989, '2015-05-09', 12988, 12),
(990, '2015-05-10', 38002, 6),
(991, '2015-05-10', 91227, 1),
(992, '2015-05-10', 35238, 4),
(993, '2015-05-10', 35238, 6),
(994, '2015-05-10', 510283, 12),
(995, '2015-05-10', 92001, 4),
(996, '2015-05-10', 508103, 10),
(997, '2015-05-11', 91908, 10),
(998, '2015-05-11', 20873, 24),
(999, '2015-05-11', 510446, 1),
(1000, '2015-05-11', 88236, 3),
(1001, '2015-05-11', 10775, 24),
(1002, '2015-05-11', 20871, 5),
(1003, '2015-05-12', 38014, 6),
(1004, '2015-05-12', 88216, 24),
(1005, '2015-05-12', 510413, 4),
(1006, '2015-05-13', 510500, 4),
(1007, '2015-05-13', 19625, 1),
(1008, '2015-05-13', 509693, 4),
(1009, '2015-05-13', 91391, 10),
(1010, '2015-05-13', 88237, 3),
(1011, '2015-05-13', 91525, 4),
(1012, '2015-05-14', 510446, 4),
(1013, '2015-05-14', 20872, 5),
(1014, '2015-05-14', 88232, 5),
(1015, '2015-05-14', 509699, 12),
(1016, '2015-05-14', 509705, 4),
(1017, '2015-05-15', 508165, 6),
(1018, '2015-05-15', 88232, 4),
(1019, '2015-05-15', 328766, 4),
(1020, '2015-05-15', 91327, 24),
(1021, '2015-05-15', 508163, 4),
(1022, '2015-05-15', 90525, 3),
(1023, '2015-05-15', 31836, 10),
(1024, '2015-05-15', 28733, 4),
(1025, '2015-05-15', 510348, 6),
(1026, '2015-05-15', 88217, 12),
(1027, '2015-05-15', 35239, 5),
(1028, '2015-05-15', 91527, 1),
(1029, '2015-05-15', 13118, 4),
(1030, '2015-05-15', 510351, 3),
(1031, '2015-05-16', 12995, 5),
(1032, '2015-05-16', 88232, 3),
(1033, '2015-05-16', 90528, 10),
(1034, '2015-05-16', 91227, 4),
(1035, '2015-05-16', 510495, 10),
(1036, '2015-05-16', 510353, 10),
(1037, '2015-05-16', 88238, 4),
(1038, '2015-05-17', 17200, 10),
(1039, '2015-05-17', 35239, 5),
(1040, '2015-05-18', 17201, 1),
(1041, '2015-05-18', 91521, 1),
(1042, '2015-05-18', 88231, 10),
(1043, '2015-05-18', 516032, 1),
(1044, '2015-05-18', 91390, 1),
(1045, '2015-05-18', 20872, 5),
(1046, '2015-05-18', 328760, 24),
(1047, '2015-05-19', 90527, 3),
(1048, '2015-05-19', 19625, 10),
(1049, '2015-05-19', 510356, 24),
(1050, '2015-05-19', 508102, 12),
(1051, '2015-05-19', 91907, 3),
(1052, '2015-05-19', 91521, 5),
(1053, '2015-05-19', 509694, 24),
(1054, '2015-05-19', 12447, 12),
(1055, '2015-05-19', 20841, 1),
(1056, '2015-05-19', 12447, 6),
(1057, '2015-05-20', 510351, 24),
(1058, '2015-05-20', 91080, 1),
(1059, '2015-05-20', 10767, 3),
(1060, '2015-05-20', 38012, 3),
(1061, '2015-05-20', 328779, 24),
(1062, '2015-05-20', 509706, 6),
(1063, '2015-05-21', 35239, 24),
(1064, '2015-05-21', 91876, 5),
(1065, '2015-05-21', 510354, 4),
(1066, '2015-05-21', 38002, 3),
(1067, '2015-05-21', 510511, 5),
(1068, '2015-05-22', 510613, 5),
(1069, '2015-05-22', 39236, 3),
(1070, '2015-05-22', 88234, 3),
(1071, '2015-05-22', 17201, 3),
(1072, '2015-05-22', 20867, 6),
(1073, '2015-05-22', 509705, 3),
(1074, '2015-05-23', 35174, 5),
(1075, '2015-05-23', 91521, 4),
(1076, '2015-05-23', 13118, 5),
(1077, '2015-05-23', 91913, 5),
(1078, '2015-05-23', 510283, 1),
(1079, '2015-05-24', 510415, 24),
(1080, '2015-05-24', 510351, 24),
(1081, '2015-05-24', 510348, 3),
(1082, '2015-05-24', 510446, 5),
(1083, '2015-05-24', 508102, 1),
(1084, '2015-05-24', 38013, 1),
(1085, '2015-05-24', 91391, 3),
(1086, '2015-05-24', 88239, 4),
(1087, '2015-05-25', 35174, 1),
(1088, '2015-05-25', 10767, 3),
(1089, '2015-05-25', 20871, 24),
(1090, '2015-05-25', 88237, 4),
(1091, '2015-05-25', 510416, 3),
(1092, '2015-05-25', 38000, 5),
(1093, '2015-05-25', 12510, 3),
(1094, '2015-05-25', 91386, 4),
(1095, '2015-05-25', 509688, 5),
(1096, '2015-05-26', 510353, 1),
(1097, '2015-05-26', 91910, 6),
(1098, '2015-05-26', 509690, 3),
(1099, '2015-05-26', 88234, 6),
(1100, '2015-05-26', 31722, 3),
(1101, '2015-05-26', 20859, 3),
(1102, '2015-05-27', 19627, 6),
(1103, '2015-05-27', 20857, 10),
(1104, '2015-05-27', 88217, 6),
(1105, '2015-05-27', 20873, 10),
(1106, '2015-05-27', 20867, 24),
(1107, '2015-05-27', 91875, 10),
(1108, '2015-05-27', 91080, 5),
(1109, '2015-05-27', 328760, 5),
(1110, '2015-05-27', 509701, 6),
(1111, '2015-05-27', 35178, 3),
(1112, '2015-05-28', 91521, 10),
(1113, '2015-05-28', 90526, 10),
(1114, '2015-05-28', 91528, 3),
(1115, '2015-05-28', 91877, 3),
(1116, '2015-05-28', 40362, 6),
(1117, '2015-05-28', 92046, 3),
(1118, '2015-05-28', 88238, 4),
(1119, '2015-05-28', 19639, 4),
(1120, '2015-05-29', 28724, 4),
(1121, '2015-05-29', 88235, 3),
(1122, '2015-05-29', 92839, 10),
(1123, '2015-05-29', 92001, 24),
(1124, '2015-05-29', 508161, 24),
(1125, '2015-05-29', 516134, 4),
(1126, '2015-05-30', 17201, 24),
(1127, '2015-05-30', 20857, 6),
(1128, '2015-05-30', 20874, 12),
(1129, '2015-05-30', 88229, 4),
(1130, '2015-05-30', 90526, 12),
(1131, '2015-05-30', 38001, 5),
(1132, '2015-05-30', 91908, 1),
(1133, '2015-05-30', 90528, 3),
(1134, '2015-05-31', 91386, 3),
(1135, '2015-05-31', 28724, 5),
(1136, '2015-05-31', 516969, 1),
(1137, '2015-05-31', 91387, 24),
(1138, '2015-05-31', 88217, 10),
(1139, '2015-05-31', 328766, 1),
(1140, '2015-06-01', 92858, 12),
(1141, '2015-06-01', 35239, 4),
(1142, '2015-06-01', 91079, 4),
(1143, '2015-06-01', 38001, 24),
(1144, '2015-06-01', 510446, 24),
(1145, '2015-06-01', 516032, 5),
(1146, '2015-06-01', 510446, 3),
(1147, '2015-06-01', 90525, 1),
(1148, '2015-06-01', 28733, 1),
(1149, '2015-06-01', 92004, 4),
(1150, '2015-06-01', 510415, 3),
(1151, '2015-06-01', 508162, 6),
(1152, '2015-06-02', 510350, 3),
(1153, '2015-06-02', 148812, 6),
(1154, '2015-06-02', 510350, 24),
(1155, '2015-06-02', 510413, 10),
(1156, '2015-06-02', 38000, 6),
(1157, '2015-06-02', 91080, 3),
(1158, '2015-06-02', 31836, 3),
(1159, '2015-06-03', 508161, 6),
(1160, '2015-06-03', 91875, 3),
(1161, '2015-06-03', 38001, 4),
(1162, '2015-06-03', 28733, 5),
(1163, '2015-06-03', 20857, 10),
(1164, '2015-06-03', 509688, 5),
(1165, '2015-06-03', 508163, 5),
(1166, '2015-06-03', 91521, 5),
(1167, '2015-06-04', 328766, 4),
(1168, '2015-06-04', 510354, 1),
(1169, '2015-06-04', 12447, 5),
(1170, '2015-06-04', 20859, 6),
(1171, '2015-06-05', 12995, 5),
(1172, '2015-06-05', 91522, 5),
(1173, '2015-06-05', 510281, 1),
(1174, '2015-06-05', 510356, 5),
(1175, '2015-06-06', 38012, 4),
(1176, '2015-06-06', 509700, 3),
(1177, '2015-06-06', 91524, 5),
(1178, '2015-06-06', 510413, 10),
(1179, '2015-06-06', 92004, 10),
(1180, '2015-06-06', 508165, 6),
(1181, '2015-06-06', 509714, 4),
(1182, '2015-06-06', 35178, 1),
(1183, '2015-06-07', 20871, 3),
(1184, '2015-06-07', 510281, 24),
(1185, '2015-06-07', 509691, 10),
(1186, '2015-06-07', 90526, 5),
(1187, '2015-06-07', 91391, 6),
(1188, '2015-06-07', 91521, 3),
(1189, '2015-06-07', 92004, 10),
(1190, '2015-06-08', 516134, 5),
(1191, '2015-06-08', 20857, 5),
(1192, '2015-06-08', 510512, 3),
(1193, '2015-06-08', 20859, 24),
(1194, '2015-06-08', 34420, 5),
(1195, '2015-06-09', 90528, 6),
(1196, '2015-06-09', 148812, 1),
(1197, '2015-06-09', 88236, 3),
(1198, '2015-06-09', 510495, 1),
(1199, '2015-06-09', 516032, 10),
(1200, '2015-06-09', 508102, 12),
(1201, '2015-06-10', 91522, 6),
(1202, '2015-06-10', 88236, 10),
(1203, '2015-06-10', 509709, 3),
(1204, '2015-06-10', 20857, 6),
(1205, '2015-06-10', 19634, 24),
(1206, '2015-06-10', 510413, 5),
(1207, '2015-06-10', 35178, 10),
(1208, '2015-06-10', 510356, 24),
(1209, '2015-06-10', 88231, 10),
(1210, '2015-06-10', 509701, 12),
(1211, '2015-06-11', 91522, 4),
(1212, '2015-06-11', 19626, 3),
(1213, '2015-06-11', 13003, 12),
(1214, '2015-06-11', 20857, 4),
(1215, '2015-06-11', 509699, 3),
(1216, '2015-06-11', 91913, 24),
(1217, '2015-06-11', 91528, 4),
(1218, '2015-06-11', 510348, 5),
(1219, '2015-06-11', 88216, 4),
(1220, '2015-06-11', 28720, 12),
(1221, '2015-06-12', 509691, 3),
(1222, '2015-06-12', 88235, 10),
(1223, '2015-06-12', 510351, 6),
(1224, '2015-06-12', 510353, 5),
(1225, '2015-06-12', 28720, 10),
(1226, '2015-06-12', 34420, 5),
(1227, '2015-06-12', 91080, 3),
(1228, '2015-06-12', 17201, 1),
(1229, '2015-06-12', 12995, 10),
(1230, '2015-06-13', 91877, 5),
(1231, '2015-06-13', 35266, 12),
(1232, '2015-06-13', 92858, 3),
(1233, '2015-06-13', 19625, 3),
(1234, '2015-06-13', 509715, 10),
(1235, '2015-06-13', 510613, 5),
(1236, '2015-06-13', 91521, 4),
(1237, '2015-06-13', 88235, 6),
(1238, '2015-06-14', 34420, 4),
(1239, '2015-06-14', 19636, 3),
(1240, '2015-06-14', 88236, 5),
(1241, '2015-06-14', 91389, 12),
(1242, '2015-06-14', 509692, 12),
(1243, '2015-06-14', 92004, 5),
(1244, '2015-06-14', 510511, 6),
(1245, '2015-06-14', 20872, 3),
(1246, '2015-06-14', 38012, 4),
(1247, '2015-06-14', 92366, 24),
(1248, '2015-06-14', 516032, 1),
(1249, '2015-06-15', 20871, 3),
(1250, '2015-06-15', 509690, 3),
(1251, '2015-06-15', 516969, 5),
(1252, '2015-06-16', 88231, 4),
(1253, '2015-06-16', 508165, 5),
(1254, '2015-06-16', 20874, 24),
(1255, '2015-06-16', 510353, 10),
(1256, '2015-06-16', 31620, 3),
(1257, '2015-06-16', 516134, 5),
(1258, '2015-06-17', 88235, 5),
(1259, '2015-06-17', 509699, 10),
(1260, '2015-06-17', 510446, 1),
(1261, '2015-06-17', 19635, 10),
(1262, '2015-06-18', 90526, 10),
(1263, '2015-06-18', 91526, 12),
(1264, '2015-06-18', 20859, 12),
(1265, '2015-06-18', 19636, 6),
(1266, '2015-06-18', 19639, 4),
(1267, '2015-06-18', 88234, 4),
(1268, '2015-06-18', 91080, 5),
(1269, '2015-06-19', 91522, 10),
(1270, '2015-06-19', 510416, 4),
(1271, '2015-06-19', 509701, 12),
(1272, '2015-06-19', 35239, 1),
(1273, '2015-06-19', 28733, 10),
(1274, '2015-06-19', 91387, 3),
(1275, '2015-06-20', 516970, 4),
(1276, '2015-06-20', 510415, 3),
(1277, '2015-06-20', 91390, 10),
(1278, '2015-06-20', 516970, 4),
(1279, '2015-06-20', 31722, 10),
(1280, '2015-06-20', 20874, 5),
(1281, '2015-06-20', 10857, 10),
(1282, '2015-06-20', 510495, 3),
(1283, '2015-06-21', 91389, 12),
(1284, '2015-06-21', 20865, 12),
(1285, '2015-06-21', 28724, 4),
(1286, '2015-06-21', 19639, 5),
(1287, '2015-06-21', 28720, 12),
(1288, '2015-06-22', 509693, 6),
(1289, '2015-06-22', 91523, 24),
(1290, '2015-06-22', 516969, 24),
(1291, '2015-06-22', 91907, 3),
(1292, '2015-06-22', 91523, 3),
(1293, '2015-06-23', 509699, 4),
(1294, '2015-06-23', 510513, 24),
(1295, '2015-06-23', 516134, 4),
(1296, '2015-06-23', 35192, 5),
(1297, '2015-06-23', 91228, 3),
(1298, '2015-06-23', 508162, 6),
(1299, '2015-06-24', 510414, 5),
(1300, '2015-06-24', 509693, 24),
(1301, '2015-06-24', 35266, 3),
(1302, '2015-06-24', 20867, 6),
(1303, '2015-06-24', 91227, 5),
(1304, '2015-06-24', 510354, 10),
(1305, '2015-06-24', 12995, 6),
(1306, '2015-06-24', 510282, 4),
(1307, '2015-06-25', 31722, 5),
(1308, '2015-06-25', 91955, 24),
(1309, '2015-06-25', 19635, 3),
(1310, '2015-06-25', 38014, 10),
(1311, '2015-06-25', 509692, 1),
(1312, '2015-06-26', 510446, 4),
(1313, '2015-06-26', 91372, 1),
(1314, '2015-06-26', 28733, 6),
(1315, '2015-06-26', 91876, 4),
(1316, '2015-06-27', 35178, 5),
(1317, '2015-06-27', 19636, 5),
(1318, '2015-06-27', 12988, 24),
(1319, '2015-06-27', 148812, 10),
(1320, '2015-06-27', 509702, 10),
(1321, '2015-06-27', 91950, 24),
(1322, '2015-06-27', 510353, 10),
(1323, '2015-06-27', 38000, 12),
(1324, '2015-06-28', 510353, 5),
(1325, '2015-06-28', 31620, 5),
(1326, '2015-06-28', 328766, 10),
(1327, '2015-06-28', 17201, 10),
(1328, '2015-06-28', 328779, 10),
(1329, '2015-06-29', 91877, 3),
(1330, '2015-06-29', 88229, 10),
(1331, '2015-06-29', 40365, 10),
(1332, '2015-06-29', 31546, 10),
(1333, '2015-06-29', 10767, 10),
(1334, '2015-06-29', 17200, 4),
(1335, '2015-06-29', 509693, 5),
(1336, '2015-06-29', 20873, 4),
(1337, '2015-06-29', 91910, 24),
(1338, '2015-06-30', 92046, 6),
(1339, '2015-06-30', 90527, 10),
(1340, '2015-06-30', 88217, 24),
(1341, '2015-06-30', 510356, 4),
(1342, '2015-06-30', 509688, 24),
(1343, '2015-07-01', 19625, 5),
(1344, '2015-07-01', 91227, 4),
(1345, '2015-07-01', 509694, 3),
(1346, '2015-07-01', 510495, 10),
(1347, '2015-07-01', 509709, 4),
(1348, '2015-07-02', 91527, 5),
(1349, '2015-07-02', 328760, 3),
(1350, '2015-07-02', 509709, 24),
(1351, '2015-07-02', 91080, 5),
(1352, '2015-07-02', 91528, 3),
(1353, '2015-07-02', 510414, 5),
(1354, '2015-07-02', 508103, 1),
(1355, '2015-07-02', 91372, 3),
(1356, '2015-07-02', 13003, 24),
(1357, '2015-07-02', 92004, 5),
(1358, '2015-07-03', 516032, 10),
(1359, '2015-07-03', 509693, 24),
(1360, '2015-07-03', 509692, 1),
(1361, '2015-07-03', 12510, 10),
(1362, '2015-07-03', 92858, 3),
(1363, '2015-07-04', 91523, 3),
(1364, '2015-07-04', 38000, 1),
(1365, '2015-07-04', 88216, 4),
(1366, '2015-07-04', 90527, 24),
(1367, '2015-07-04', 328760, 10),
(1368, '2015-07-05', 90526, 1),
(1369, '2015-07-05', 91955, 10),
(1370, '2015-07-05', 91079, 10),
(1371, '2015-07-05', 91387, 4),
(1372, '2015-07-05', 19636, 10),
(1373, '2015-07-05', 88217, 10),
(1374, '2015-07-05', 20867, 3),
(1375, '2015-07-05', 510612, 1),
(1376, '2015-07-06', 148812, 5),
(1377, '2015-07-06', 509688, 3),
(1378, '2015-07-06', 91079, 5),
(1379, '2015-07-06', 20857, 10),
(1380, '2015-07-06', 510500, 12),
(1381, '2015-07-06', 10767, 3),
(1382, '2015-07-06', 511607, 4),
(1383, '2015-07-06', 91526, 5),
(1384, '2015-07-07', 510613, 5),
(1385, '2015-07-07', 88239, 10),
(1386, '2015-07-07', 10857, 1),
(1387, '2015-07-07', 35239, 3),
(1388, '2015-07-07', 91875, 5),
(1389, '2015-07-07', 510353, 24),
(1390, '2015-07-07', 509692, 24),
(1391, '2015-07-08', 88217, 4),
(1392, '2015-07-08', 508165, 10),
(1393, '2015-07-08', 509701, 10),
(1394, '2015-07-08', 510414, 10),
(1395, '2015-07-08', 39236, 1),
(1396, '2015-07-09', 91389, 24),
(1397, '2015-07-09', 20874, 4),
(1398, '2015-07-09', 91288, 6),
(1399, '2015-07-09', 90527, 3),
(1400, '2015-07-09', 91913, 1),
(1401, '2015-07-09', 148812, 5),
(1402, '2015-07-09', 88238, 24),
(1403, '2015-07-10', 510511, 1),
(1404, '2015-07-10', 39236, 4),
(1405, '2015-07-10', 91955, 10),
(1406, '2015-07-10', 510353, 3),
(1407, '2015-07-11', 90528, 4),
(1408, '2015-07-11', 516134, 10),
(1409, '2015-07-11', 509709, 24),
(1410, '2015-07-11', 34420, 10),
(1411, '2015-07-12', 40365, 5),
(1412, '2015-07-12', 510281, 10),
(1413, '2015-07-12', 40365, 5),
(1414, '2015-07-13', 38001, 10),
(1415, '2015-07-13', 91288, 5),
(1416, '2015-07-13', 28724, 4),
(1417, '2015-07-13', 510282, 1),
(1418, '2015-07-13', 91873, 12),
(1419, '2015-07-13', 510414, 4),
(1420, '2015-07-13', 510351, 5),
(1421, '2015-07-13', 92839, 10),
(1422, '2015-07-13', 19635, 3),
(1423, '2015-07-14', 510512, 10),
(1424, '2015-07-14', 92004, 5),
(1425, '2015-07-14', 510348, 3),
(1426, '2015-07-14', 91955, 10),
(1427, '2015-07-14', 91524, 4),
(1428, '2015-07-14', 91908, 5),
(1429, '2015-07-14', 510354, 24),
(1430, '2015-07-15', 508103, 3),
(1431, '2015-07-15', 509694, 4),
(1432, '2015-07-15', 40362, 10),
(1433, '2015-07-15', 91387, 3),
(1434, '2015-07-15', 10767, 10),
(1435, '2015-07-15', 510415, 3),
(1436, '2015-07-15', 510415, 12),
(1437, '2015-07-15', 12988, 5),
(1438, '2015-07-15', 20872, 10),
(1439, '2015-07-15', 91523, 4),
(1440, '2015-07-15', 91229, 4),
(1441, '2015-07-16', 92004, 3),
(1442, '2015-07-16', 510495, 4),
(1443, '2015-07-16', 39236, 4),
(1444, '2015-07-16', 509689, 10),
(1445, '2015-07-16', 91950, 24),
(1446, '2015-07-16', 509705, 10),
(1447, '2015-07-17', 12447, 4),
(1448, '2015-07-17', 19626, 24),
(1449, '2015-07-17', 90526, 5),
(1450, '2015-07-17', 10775, 5),
(1451, '2015-07-17', 39236, 1),
(1452, '2015-07-17', 508162, 3),
(1453, '2015-07-17', 35239, 10),
(1454, '2015-07-18', 91525, 6),
(1455, '2015-07-18', 91388, 5),
(1456, '2015-07-18', 510348, 3),
(1457, '2015-07-18', 31597, 10),
(1458, '2015-07-18', 28724, 24),
(1459, '2015-07-18', 88217, 12),
(1460, '2015-07-18', 88231, 3),
(1461, '2015-07-18', 91288, 5),
(1462, '2015-07-18', 516970, 24),
(1463, '2015-07-18', 516134, 5),
(1464, '2015-07-19', 91387, 24),
(1465, '2015-07-19', 510414, 5),
(1466, '2015-07-19', 91229, 24),
(1467, '2015-07-19', 510613, 3),
(1468, '2015-07-19', 35266, 4),
(1469, '2015-07-19', 91330, 5),
(1470, '2015-07-19', 91907, 10),
(1471, '2015-07-20', 91524, 4),
(1472, '2015-07-20', 91908, 10),
(1473, '2015-07-20', 510351, 10),
(1474, '2015-07-20', 20873, 12),
(1475, '2015-07-20', 509690, 6),
(1476, '2015-07-20', 13003, 5),
(1477, '2015-07-20', 20871, 4),
(1478, '2015-07-20', 91386, 10),
(1479, '2015-07-20', 91525, 5),
(1480, '2015-07-20', 516970, 5),
(1481, '2015-07-21', 88232, 4),
(1482, '2015-07-21', 20859, 4),
(1483, '2015-07-21', 91229, 24),
(1484, '2015-07-21', 510350, 1),
(1485, '2015-07-21', 88235, 4),
(1486, '2015-07-21', 91389, 3),
(1487, '2015-07-21', 91525, 5),
(1488, '2015-07-22', 20841, 4),
(1489, '2015-07-22', 509692, 3),
(1490, '2015-07-22', 328779, 10),
(1491, '2015-07-22', 90528, 1),
(1492, '2015-07-22', 91288, 10),
(1493, '2015-07-22', 509689, 24),
(1494, '2015-07-22', 88234, 3),
(1495, '2015-07-22', 91521, 6),
(1496, '2015-07-22', 88217, 4),
(1497, '2015-07-23', 509693, 6),
(1498, '2015-07-23', 510348, 6),
(1499, '2015-07-23', 31836, 4),
(1500, '2015-07-23', 28724, 12),
(1501, '2015-07-23', 88232, 3),
(1502, '2015-07-23', 88234, 12),
(1503, '2015-07-24', 91524, 10),
(1504, '2015-07-24', 91521, 4),
(1505, '2015-07-24', 91873, 12),
(1506, '2015-07-24', 510414, 3),
(1507, '2015-07-24', 510511, 5),
(1508, '2015-07-24', 509693, 3),
(1509, '2015-07-24', 516970, 4),
(1510, '2015-07-24', 508162, 3),
(1511, '2015-07-24', 510512, 24),
(1512, '2015-07-24', 92046, 24),
(1513, '2015-07-25', 39611, 3),
(1514, '2015-07-25', 91875, 12),
(1515, '2015-07-25', 34420, 4),
(1516, '2015-07-25', 509714, 4),
(1517, '2015-07-25', 148812, 3),
(1518, '2015-07-25', 92858, 3),
(1519, '2015-07-25', 509707, 4),
(1520, '2015-07-26', 510283, 1),
(1521, '2015-07-26', 508163, 1),
(1522, '2015-07-26', 90527, 4),
(1523, '2015-07-26', 510446, 1),
(1524, '2015-07-26', 12447, 1),
(1525, '2015-07-26', 148812, 10),
(1526, '2015-07-26', 509701, 3),
(1527, '2015-07-26', 88234, 10),
(1528, '2015-07-27', 509705, 3),
(1529, '2015-07-27', 510511, 24),
(1530, '2015-07-27', 510414, 3),
(1531, '2015-07-27', 509694, 3),
(1532, '2015-07-27', 91327, 10),
(1533, '2015-07-27', 510511, 3),
(1534, '2015-07-27', 28724, 3),
(1535, '2015-07-27', 510349, 4),
(1536, '2015-07-28', 91288, 5),
(1537, '2015-07-28', 38002, 5),
(1538, '2015-07-28', 148812, 24),
(1539, '2015-07-28', 40365, 5),
(1540, '2015-07-28', 509709, 10),
(1541, '2015-07-28', 38002, 5),
(1542, '2015-07-28', 510414, 1),
(1543, '2015-07-28', 516134, 6),
(1544, '2015-07-28', 88236, 10),
(1545, '2015-07-28', 510353, 5),
(1546, '2015-07-28', 510349, 4),
(1547, '2015-07-28', 10775, 4),
(1548, '2015-07-29', 35174, 3),
(1549, '2015-07-29', 88239, 10),
(1550, '2015-07-29', 91913, 3),
(1551, '2015-07-29', 35174, 10),
(1552, '2015-07-29', 91522, 4),
(1553, '2015-07-29', 510612, 3),
(1554, '2015-07-30', 28733, 12),
(1555, '2015-07-30', 17200, 10),
(1556, '2015-07-30', 19635, 3),
(1557, '2015-07-30', 17201, 3),
(1558, '2015-07-30', 31722, 5),
(1559, '2015-07-30', 88238, 5),
(1560, '2015-07-30', 91908, 12),
(1561, '2015-07-31', 35238, 4),
(1562, '2015-07-31', 12995, 24),
(1563, '2015-07-31', 510612, 4),
(1564, '2015-07-31', 90526, 10),
(1565, '2015-07-31', 20873, 3),
(1566, '2015-07-31', 510351, 1),
(1567, '2015-07-31', 38014, 1),
(1568, '2015-07-31', 31722, 10),
(1569, '2015-07-31', 510413, 10),
(1570, '2015-07-31', 90531, 6),
(1571, '2015-08-01', 91527, 5),
(1572, '2015-08-01', 19627, 3),
(1573, '2015-08-01', 88237, 5),
(1574, '2015-08-01', 91372, 5),
(1575, '2015-08-01', 13118, 4),
(1576, '2015-08-01', 510446, 4),
(1577, '2015-08-01', 40365, 4),
(1578, '2015-08-02', 38013, 5),
(1579, '2015-08-02', 88229, 24),
(1580, '2015-08-02', 91908, 4),
(1581, '2015-08-02', 12447, 1),
(1582, '2015-08-02', 91330, 5),
(1583, '2015-08-02', 28720, 6),
(1584, '2015-08-03', 20867, 4),
(1585, '2015-08-03', 91528, 10),
(1586, '2015-08-03', 510349, 10),
(1587, '2015-08-03', 510353, 5),
(1588, '2015-08-03', 19626, 6),
(1589, '2015-08-03', 510495, 24),
(1590, '2015-08-03', 91524, 6),
(1591, '2015-08-04', 508165, 10),
(1592, '2015-08-04', 509707, 12),
(1593, '2015-08-04', 19625, 10),
(1594, '2015-08-04', 510354, 5),
(1595, '2015-08-04', 17201, 6),
(1596, '2015-08-04', 91907, 1),
(1597, '2015-08-04', 88239, 12),
(1598, '2015-08-04', 20867, 4),
(1599, '2015-08-04', 91228, 10),
(1600, '2015-08-04', 510282, 10),
(1601, '2015-08-04', 90526, 12),
(1602, '2015-08-04', 91228, 10),
(1603, '2015-08-04', 509689, 5),
(1604, '2015-08-04', 31620, 10),
(1605, '2015-08-04', 91288, 6),
(1606, '2015-08-05', 91908, 12),
(1607, '2015-08-05', 509702, 5),
(1608, '2015-08-05', 88217, 10),
(1609, '2015-08-05', 91910, 10),
(1610, '2015-08-06', 510282, 3),
(1611, '2015-08-06', 91390, 12),
(1612, '2015-08-06', 91229, 10),
(1613, '2015-08-06', 328779, 5),
(1614, '2015-08-06', 20840, 4),
(1615, '2015-08-06', 19634, 24),
(1616, '2015-08-06', 40365, 10),
(1617, '2015-08-06', 90531, 3),
(1618, '2015-08-07', 35266, 5),
(1619, '2015-08-07', 509707, 12),
(1620, '2015-08-07', 510353, 4),
(1621, '2015-08-07', 28720, 12),
(1622, '2015-08-07', 510500, 24),
(1623, '2015-08-07', 91288, 5),
(1624, '2015-08-07', 19627, 6),
(1625, '2015-08-07', 510495, 10),
(1626, '2015-08-07', 88239, 4),
(1627, '2015-08-07', 90528, 3),
(1628, '2015-08-07', 35238, 6),
(1629, '2015-08-07', 88234, 5),
(1630, '2015-08-07', 510413, 12),
(1631, '2015-08-07', 91080, 3),
(1632, '2015-08-08', 92004, 10),
(1633, '2015-08-08', 91228, 1),
(1634, '2015-08-08', 516970, 4),
(1635, '2015-08-08', 88235, 3),
(1636, '2015-08-08', 91228, 4),
(1637, '2015-08-08', 88235, 3),
(1638, '2015-08-08', 19625, 6),
(1639, '2015-08-08', 28733, 4),
(1640, '2015-08-08', 28720, 12),
(1641, '2015-08-08', 90528, 4),
(1642, '2015-08-08', 91389, 12),
(1643, '2015-08-08', 10775, 4),
(1644, '2015-08-09', 509709, 6),
(1645, '2015-08-09', 91372, 5),
(1646, '2015-08-09', 510353, 4),
(1647, '2015-08-09', 38013, 4),
(1648, '2015-08-09', 510354, 1),
(1649, '2015-08-09', 91525, 5),
(1650, '2015-08-10', 20871, 4),
(1651, '2015-08-10', 91388, 24),
(1652, '2015-08-10', 35178, 10),
(1653, '2015-08-10', 90528, 3),
(1654, '2015-08-10', 28720, 5),
(1655, '2015-08-11', 510414, 24),
(1656, '2015-08-11', 508163, 3),
(1657, '2015-08-11', 91907, 3),
(1658, '2015-08-11', 38000, 24),
(1659, '2015-08-11', 90527, 24),
(1660, '2015-08-11', 509715, 3),
(1661, '2015-08-12', 91910, 1),
(1662, '2015-08-12', 510350, 3),
(1663, '2015-08-12', 88234, 10),
(1664, '2015-08-12', 10857, 6),
(1665, '2015-08-12', 91873, 3),
(1666, '2015-08-12', 38000, 5),
(1667, '2015-08-12', 510511, 6),
(1668, '2015-08-12', 19627, 1),
(1669, '2015-08-12', 91910, 24),
(1670, '2015-08-12', 91079, 3),
(1671, '2015-08-12', 509709, 1),
(1672, '2015-08-12', 328779, 10),
(1673, '2015-08-13', 28720, 4),
(1674, '2015-08-13', 20857, 4),
(1675, '2015-08-13', 88239, 1),
(1676, '2015-08-13', 91910, 4),
(1677, '2015-08-13', 509702, 24),
(1678, '2015-08-13', 509689, 12),
(1679, '2015-08-13', 39236, 5),
(1680, '2015-08-13', 509691, 5),
(1681, '2015-08-13', 328760, 10),
(1682, '2015-08-14', 20871, 6),
(1683, '2015-08-14', 516970, 4),
(1684, '2015-08-14', 508165, 4),
(1685, '2015-08-14', 510348, 4),
(1686, '2015-08-14', 91391, 3),
(1687, '2015-08-14', 509688, 4),
(1688, '2015-08-14', 12447, 4),
(1689, '2015-08-14', 510416, 3),
(1690, '2015-08-14', 19626, 3),
(1691, '2015-08-14', 509693, 24),
(1692, '2015-08-14', 91526, 24),
(1693, '2015-08-15', 510512, 4),
(1694, '2015-08-15', 510348, 3),
(1695, '2015-08-15', 91387, 1),
(1696, '2015-08-15', 19627, 3),
(1697, '2015-08-15', 510350, 10),
(1698, '2015-08-15', 20857, 10),
(1699, '2015-08-16', 20865, 5),
(1700, '2015-08-16', 91079, 3),
(1701, '2015-08-16', 510283, 10),
(1702, '2015-08-16', 88236, 3),
(1703, '2015-08-16', 91388, 10),
(1704, '2015-08-16', 91950, 24),
(1705, '2015-08-16', 38014, 5),
(1706, '2015-08-16', 31722, 4),
(1707, '2015-08-17', 90527, 10),
(1708, '2015-08-17', 91389, 10),
(1709, '2015-08-17', 35239, 5),
(1710, '2015-08-17', 88238, 3),
(1711, '2015-08-17', 91389, 10),
(1712, '2015-08-17', 510349, 5),
(1713, '2015-08-17', 13118, 1),
(1714, '2015-08-17', 91390, 5),
(1715, '2015-08-17', 92001, 4),
(1716, '2015-08-18', 20871, 4),
(1717, '2015-08-18', 35266, 1),
(1718, '2015-08-18', 19634, 4),
(1719, '2015-08-18', 31620, 5),
(1720, '2015-08-18', 91080, 10),
(1721, '2015-08-18', 510416, 5),
(1722, '2015-08-19', 90531, 12),
(1723, '2015-08-19', 88236, 10),
(1724, '2015-08-19', 91524, 12),
(1725, '2015-08-19', 509705, 10),
(1726, '2015-08-19', 510280, 6),
(1727, '2015-08-19', 40362, 3),
(1728, '2015-08-19', 510513, 5),
(1729, '2015-08-19', 39611, 1),
(1730, '2015-08-19', 35192, 10),
(1731, '2015-08-20', 91908, 6),
(1732, '2015-08-20', 91524, 4),
(1733, '2015-08-20', 91521, 1),
(1734, '2015-08-20', 510356, 1),
(1735, '2015-08-20', 91526, 4),
(1736, '2015-08-20', 88234, 5),
(1737, '2015-08-20', 510283, 1),
(1738, '2015-08-20', 516032, 12),
(1739, '2015-08-20', 509688, 4),
(1740, '2015-08-20', 510353, 5),
(1741, '2015-08-20', 509691, 10),
(1742, '2015-08-21', 39611, 6),
(1743, '2015-08-21', 92001, 4),
(1744, '2015-08-21', 38002, 6),
(1745, '2015-08-21', 511607, 24),
(1746, '2015-08-21', 510349, 24),
(1747, '2015-08-21', 88238, 10),
(1748, '2015-08-21', 91521, 10),
(1749, '2015-08-21', 90527, 3),
(1750, '2015-08-21', 88238, 24),
(1751, '2015-08-21', 510413, 6),
(1752, '2015-08-21', 508163, 3),
(1753, '2015-08-21', 516134, 10),
(1754, '2015-08-21', 510351, 1),
(1755, '2015-08-22', 516134, 10),
(1756, '2015-08-22', 328760, 4),
(1757, '2015-08-22', 38001, 3),
(1758, '2015-08-22', 19625, 1),
(1759, '2015-08-23', 20872, 5),
(1760, '2015-08-23', 91288, 4),
(1761, '2015-08-23', 510350, 4),
(1762, '2015-08-23', 510512, 3),
(1763, '2015-08-23', 31620, 12),
(1764, '2015-08-23', 508165, 5),
(1765, '2015-08-23', 88237, 3),
(1766, '2015-08-23', 510500, 10),
(1767, '2015-08-23', 91525, 10),
(1768, '2015-08-23', 516134, 3),
(1769, '2015-08-23', 510280, 6),
(1770, '2015-08-24', 91327, 24),
(1771, '2015-08-24', 91330, 10),
(1772, '2015-08-24', 17200, 3),
(1773, '2015-08-24', 510282, 1),
(1774, '2015-08-24', 91524, 4),
(1775, '2015-08-24', 88234, 10),
(1776, '2015-08-24', 516032, 5),
(1777, '2015-08-24', 91522, 10),
(1778, '2015-08-24', 510354, 10),
(1779, '2015-08-25', 91910, 3),
(1780, '2015-08-25', 20874, 5),
(1781, '2015-08-25', 19635, 6),
(1782, '2015-08-25', 509690, 6),
(1783, '2015-08-25', 509691, 3),
(1784, '2015-08-26', 13118, 12),
(1785, '2015-08-26', 509702, 6),
(1786, '2015-08-26', 516134, 3),
(1787, '2015-08-26', 88239, 5),
(1788, '2015-08-26', 38001, 5),
(1789, '2015-08-27', 35239, 24),
(1790, '2015-08-27', 509693, 10),
(1791, '2015-08-27', 31620, 4),
(1792, '2015-08-27', 516969, 6),
(1793, '2015-08-27', 90525, 5),
(1794, '2015-08-27', 38014, 6),
(1795, '2015-08-27', 509701, 6),
(1796, '2015-08-28', 91327, 5),
(1797, '2015-08-28', 92004, 5),
(1798, '2015-08-28', 20867, 3),
(1799, '2015-08-28', 20871, 5),
(1800, '2015-08-28', 31722, 1),
(1801, '2015-08-29', 510612, 4),
(1802, '2015-08-29', 38000, 3),
(1803, '2015-08-29', 510350, 5),
(1804, '2015-08-29', 509692, 1),
(1805, '2015-08-29', 13003, 24),
(1806, '2015-08-29', 40362, 4),
(1807, '2015-08-30', 38013, 24),
(1808, '2015-08-30', 510416, 10),
(1809, '2015-08-30', 509690, 6),
(1810, '2015-08-30', 19625, 3),
(1811, '2015-08-31', 88232, 10),
(1812, '2015-08-31', 90526, 3),
(1813, '2015-08-31', 12988, 4),
(1814, '2015-08-31', 91955, 4),
(1815, '2015-08-31', 91079, 4),
(1816, '2015-08-31', 510612, 3),
(1817, '2015-08-31', 35266, 4),
(1818, '2015-08-31', 516134, 10),
(1819, '2015-08-31', 90526, 24),
(1820, '2015-08-31', 516970, 4),
(1821, '2015-08-31', 20865, 4),
(1822, '2015-08-31', 90528, 3),
(1823, '2015-09-01', 88229, 4),
(1824, '2015-09-01', 508165, 4),
(1825, '2015-09-01', 91229, 12),
(1826, '2015-09-01', 35239, 5),
(1827, '2015-09-01', 91527, 24),
(1828, '2015-09-01', 510416, 4),
(1829, '2015-09-02', 328766, 10),
(1830, '2015-09-02', 328779, 4),
(1831, '2015-09-02', 510414, 1),
(1832, '2015-09-02', 508161, 5),
(1833, '2015-09-02', 509689, 1),
(1834, '2015-09-02', 88229, 3),
(1835, '2015-09-02', 35174, 1),
(1836, '2015-09-02', 510282, 24),
(1837, '2015-09-03', 516970, 6),
(1838, '2015-09-03', 510354, 10),
(1839, '2015-09-03', 516032, 3),
(1840, '2015-09-03', 12510, 3),
(1841, '2015-09-03', 91390, 1),
(1842, '2015-09-03', 10857, 6),
(1843, '2015-09-03', 88216, 10),
(1844, '2015-09-03', 20857, 5),
(1845, '2015-09-04', 510356, 3),
(1846, '2015-09-04', 38013, 3),
(1847, '2015-09-04', 510283, 12),
(1848, '2015-09-04', 516032, 3),
(1849, '2015-09-04', 19639, 3),
(1850, '2015-09-04', 509688, 10),
(1851, '2015-09-04', 510353, 5),
(1852, '2015-09-04', 510446, 1),
(1853, '2015-09-04', 92046, 5),
(1854, '2015-09-05', 31722, 12),
(1855, '2015-09-05', 38002, 10),
(1856, '2015-09-05', 91873, 10),
(1857, '2015-09-05', 508103, 1),
(1858, '2015-09-05', 91908, 10),
(1859, '2015-09-05', 91388, 1),
(1860, '2015-09-05', 510282, 3),
(1861, '2015-09-06', 91950, 10),
(1862, '2015-09-06', 91227, 3),
(1863, '2015-09-06', 91521, 3),
(1864, '2015-09-06', 509702, 10),
(1865, '2015-09-06', 20871, 1),
(1866, '2015-09-06', 35239, 12),
(1867, '2015-09-06', 509702, 4),
(1868, '2015-09-06', 91876, 12),
(1869, '2015-09-07', 510416, 5),
(1870, '2015-09-07', 510446, 10),
(1871, '2015-09-07', 509693, 5),
(1872, '2015-09-07', 509706, 10),
(1873, '2015-09-07', 508161, 3),
(1874, '2015-09-07', 509709, 5),
(1875, '2015-09-07', 19626, 10),
(1876, '2015-09-07', 28733, 24),
(1877, '2015-09-07', 516969, 10),
(1878, '2015-09-07', 91876, 4),
(1879, '2015-09-07', 510354, 5),
(1880, '2015-09-07', 19625, 12),
(1881, '2015-09-08', 28733, 4),
(1882, '2015-09-08', 509715, 5),
(1883, '2015-09-08', 91386, 3),
(1884, '2015-09-08', 91227, 3),
(1885, '2015-09-08', 31722, 12),
(1886, '2015-09-08', 509714, 1),
(1887, '2015-09-08', 509689, 3),
(1888, '2015-09-08', 508103, 24),
(1889, '2015-09-08', 509694, 24),
(1890, '2015-09-08', 516134, 3),
(1891, '2015-09-08', 38002, 5),
(1892, '2015-09-08', 91330, 24),
(1893, '2015-09-08', 17201, 10),
(1894, '2015-09-08', 19636, 4),
(1895, '2015-09-09', 510416, 5),
(1896, '2015-09-09', 31597, 4),
(1897, '2015-09-10', 91389, 5),
(1898, '2015-09-10', 35192, 3),
(1899, '2015-09-10', 92004, 5),
(1900, '2015-09-10', 516032, 10),
(1901, '2015-09-10', 91521, 3),
(1902, '2015-09-10', 509699, 6),
(1903, '2015-09-10', 12988, 4),
(1904, '2015-09-10', 510415, 3),
(1905, '2015-09-10', 91907, 10),
(1906, '2015-09-10', 90528, 24),
(1907, '2015-09-10', 90531, 6),
(1908, '2015-09-11', 509688, 3),
(1909, '2015-09-12', 35239, 5),
(1910, '2015-09-12', 91525, 4),
(1911, '2015-09-12', 20841, 4),
(1912, '2015-09-12', 19634, 12),
(1913, '2015-09-12', 19625, 4),
(1914, '2015-09-12', 19634, 12),
(1915, '2015-09-13', 19626, 5),
(1916, '2015-09-13', 19636, 6),
(1917, '2015-09-13', 510414, 6),
(1918, '2015-09-13', 92001, 10),
(1919, '2015-09-13', 38001, 3),
(1920, '2015-09-13', 90527, 5),
(1921, '2015-09-13', 10775, 3),
(1922, '2015-09-13', 510613, 10),
(1923, '2015-09-13', 12510, 1),
(1924, '2015-09-13', 31597, 10),
(1925, '2015-09-14', 509714, 10),
(1926, '2015-09-14', 509688, 5),
(1927, '2015-09-14', 90526, 3),
(1928, '2015-09-14', 510281, 4),
(1929, '2015-09-14', 88235, 4),
(1930, '2015-09-14', 508163, 4),
(1931, '2015-09-14', 12447, 5),
(1932, '2015-09-15', 91330, 10);

INSERT INTO rendelesek (razon, rdatum, tazon, db) VALUES
(1933, '2015-09-15', 20859, 10),
(1934, '2015-09-15', 510415, 12),
(1935, '2015-09-15', 91330, 5),
(1936, '2015-09-15', 91229, 4),
(1937, '2015-09-15', 20859, 5),
(1938, '2015-09-15', 510512, 10),
(1939, '2015-09-15', 91288, 10),
(1940, '2015-09-15', 40365, 6),
(1941, '2015-09-15', 31620, 3),
(1942, '2015-09-16', 509702, 5),
(1943, '2015-09-16', 10767, 6),
(1944, '2015-09-16', 91875, 6),
(1945, '2015-09-16', 40362, 10),
(1946, '2015-09-16', 509688, 10),
(1947, '2015-09-16', 509693, 1),
(1948, '2015-09-16', 20859, 4),
(1949, '2015-09-16', 88238, 6),
(1950, '2015-09-17', 516969, 4),
(1951, '2015-09-17', 91524, 10),
(1952, '2015-09-17', 510354, 3),
(1953, '2015-09-17', 20857, 3),
(1954, '2015-09-17', 31722, 5),
(1955, '2015-09-17', 91389, 4),
(1956, '2015-09-17', 19636, 3),
(1957, '2015-09-17', 516969, 3),
(1958, '2015-09-17', 38001, 1),
(1959, '2015-09-17', 510446, 24),
(1960, '2015-09-17', 508163, 6),
(1961, '2015-09-18', 12510, 6),
(1962, '2015-09-18', 91330, 6),
(1963, '2015-09-18', 39236, 6),
(1964, '2015-09-18', 17200, 4),
(1965, '2015-09-18', 20873, 10),
(1966, '2015-09-18', 509714, 10),
(1967, '2015-09-19', 90528, 12),
(1968, '2015-09-19', 10775, 1),
(1969, '2015-09-19', 509688, 12),
(1970, '2015-09-19', 12995, 1),
(1971, '2015-09-19', 91873, 3),
(1972, '2015-09-19', 28724, 10),
(1973, '2015-09-19', 509701, 5),
(1974, '2015-09-19', 510356, 12),
(1975, '2015-09-19', 510613, 10),
(1976, '2015-09-19', 92366, 5),
(1977, '2015-09-19', 91288, 3),
(1978, '2015-09-20', 39611, 1),
(1979, '2015-09-20', 91372, 5),
(1980, '2015-09-20', 20841, 5),
(1981, '2015-09-20', 509692, 10),
(1982, '2015-09-20', 12988, 10),
(1983, '2015-09-20', 91908, 6),
(1984, '2015-09-20', 40365, 6),
(1985, '2015-09-20', 20872, 12),
(1986, '2015-09-20', 509714, 24),
(1987, '2015-09-21', 90531, 10),
(1988, '2015-09-21', 19627, 1),
(1989, '2015-09-21', 91391, 4),
(1990, '2015-09-21', 20859, 12),
(1991, '2015-09-21', 91910, 6),
(1992, '2015-09-21', 510613, 5),
(1993, '2015-09-21', 509702, 5),
(1994, '2015-09-21', 91386, 6),
(1995, '2015-09-22', 92858, 3),
(1996, '2015-09-22', 91388, 24),
(1997, '2015-09-22', 92858, 6),
(1998, '2015-09-22', 328766, 4),
(1999, '2015-09-22', 40362, 4),
(2000, '2015-09-22', 28724, 4),
(2001, '2015-09-22', 20872, 6),
(2002, '2015-09-22', 91908, 10),
(2003, '2015-09-23', 38002, 5),
(2004, '2015-09-23', 91391, 4),
(2005, '2015-09-23', 19639, 12),
(2006, '2015-09-23', 148812, 3),
(2007, '2015-09-23', 88236, 10),
(2008, '2015-09-23', 510349, 10),
(2009, '2015-09-23', 40362, 12),
(2010, '2015-09-23', 92004, 12),
(2011, '2015-09-23', 91079, 5),
(2012, '2015-09-23', 509690, 12),
(2013, '2015-09-23', 511607, 1),
(2014, '2015-09-23', 510613, 4),
(2015, '2015-09-23', 509691, 3),
(2016, '2015-09-23', 20867, 5),
(2017, '2015-09-24', 91525, 5),
(2018, '2015-09-24', 91327, 4),
(2019, '2015-09-24', 510495, 10),
(2020, '2015-09-24', 509699, 3),
(2021, '2015-09-24', 31620, 3),
(2022, '2015-09-24', 510446, 5),
(2023, '2015-09-24', 35178, 1),
(2024, '2015-09-24', 91372, 3),
(2025, '2015-09-24', 510280, 10),
(2026, '2015-09-24', 31722, 3),
(2027, '2015-09-24', 516970, 4),
(2028, '2015-09-24', 508161, 5),
(2029, '2015-09-25', 20873, 10),
(2030, '2015-09-25', 13003, 24),
(2031, '2015-09-25', 90528, 3),
(2032, '2015-09-25', 92858, 24),
(2033, '2015-09-25', 328760, 3),
(2034, '2015-09-25', 17201, 10),
(2035, '2015-09-25', 91873, 10),
(2036, '2015-09-26', 510446, 3),
(2037, '2015-09-26', 91528, 4),
(2038, '2015-09-26', 509714, 6),
(2039, '2015-09-27', 510511, 10),
(2040, '2015-09-27', 91523, 5),
(2041, '2015-09-27', 13118, 6),
(2042, '2015-09-27', 510282, 4),
(2043, '2015-09-27', 91229, 10),
(2044, '2015-09-27', 516032, 1),
(2045, '2015-09-27', 40362, 1),
(2046, '2015-09-27', 510349, 5),
(2047, '2015-09-27', 510613, 1),
(2048, '2015-09-28', 91527, 5),
(2049, '2015-09-28', 510351, 4),
(2050, '2015-09-28', 508102, 4),
(2051, '2015-09-28', 92046, 1),
(2052, '2015-09-28', 91389, 1),
(2053, '2015-09-28', 91913, 5),
(2054, '2015-09-28', 91527, 24),
(2055, '2015-09-29', 40362, 5),
(2056, '2015-09-29', 91873, 10),
(2057, '2015-09-29', 510350, 12),
(2058, '2015-09-29', 91288, 12),
(2059, '2015-09-30', 88229, 10),
(2060, '2015-09-30', 509714, 5),
(2061, '2015-09-30', 38014, 10),
(2062, '2015-09-30', 509709, 1),
(2063, '2015-09-30', 91526, 5),
(2064, '2015-10-01', 91391, 5),
(2065, '2015-10-01', 509690, 5),
(2066, '2015-10-01', 38001, 6),
(2067, '2015-10-01', 509693, 4),
(2068, '2015-10-01', 88234, 3),
(2069, '2015-10-01', 509709, 1),
(2070, '2015-10-01', 90527, 5),
(2071, '2015-10-02', 509706, 3),
(2072, '2015-10-02', 17201, 12),
(2073, '2015-10-02', 10767, 3),
(2074, '2015-10-02', 509688, 4),
(2075, '2015-10-02', 17200, 24),
(2076, '2015-10-02', 91391, 5),
(2077, '2015-10-03', 19627, 1),
(2078, '2015-10-03', 510348, 6),
(2079, '2015-10-03', 90525, 4),
(2080, '2015-10-03', 90527, 4),
(2081, '2015-10-03', 91386, 1),
(2082, '2015-10-03', 20857, 3),
(2083, '2015-10-03', 20874, 10),
(2084, '2015-10-04', 510446, 4),
(2085, '2015-10-04', 12447, 3),
(2086, '2015-10-04', 516134, 5),
(2087, '2015-10-04', 91527, 10),
(2088, '2015-10-05', 19625, 24),
(2089, '2015-10-05', 510495, 3),
(2090, '2015-10-05', 88237, 24),
(2091, '2015-10-06', 20873, 24),
(2092, '2015-10-06', 510351, 4),
(2093, '2015-10-06', 35239, 3),
(2094, '2015-10-06', 91875, 10),
(2095, '2015-10-06', 91330, 3),
(2096, '2015-10-06', 510282, 4),
(2097, '2015-10-06', 90531, 12),
(2098, '2015-10-07', 91387, 24),
(2099, '2015-10-07', 91907, 3),
(2100, '2015-10-07', 91873, 1),
(2101, '2015-10-07', 38001, 24),
(2102, '2015-10-07', 88217, 12),
(2103, '2015-10-07', 38012, 1),
(2104, '2015-10-07', 91327, 1),
(2105, '2015-10-07', 19639, 3),
(2106, '2015-10-08', 88238, 6),
(2107, '2015-10-08', 17201, 5),
(2108, '2015-10-08', 509699, 12),
(2109, '2015-10-08', 91525, 3),
(2110, '2015-10-08', 40362, 10),
(2111, '2015-10-08', 510416, 5),
(2112, '2015-10-08', 91327, 3),
(2113, '2015-10-08', 510282, 5),
(2114, '2015-10-09', 91521, 10),
(2115, '2015-10-09', 92004, 3),
(2116, '2015-10-09', 10775, 5),
(2117, '2015-10-09', 508102, 1),
(2118, '2015-10-10', 35192, 3),
(2119, '2015-10-10', 510283, 6),
(2120, '2015-10-10', 88237, 24),
(2121, '2015-10-10', 28733, 24),
(2122, '2015-10-10', 38002, 1),
(2123, '2015-10-10', 510495, 12),
(2124, '2015-10-11', 91080, 1),
(2125, '2015-10-11', 509693, 12),
(2126, '2015-10-11', 509707, 5),
(2127, '2015-10-11', 90528, 5),
(2128, '2015-10-11', 91288, 5),
(2129, '2015-10-12', 91228, 12),
(2130, '2015-10-12', 508161, 6),
(2131, '2015-10-12', 509709, 3),
(2132, '2015-10-12', 510353, 5),
(2133, '2015-10-12', 90526, 12),
(2134, '2015-10-12', 13118, 3),
(2135, '2015-10-13', 510495, 6),
(2136, '2015-10-13', 90531, 4),
(2137, '2015-10-13', 509707, 5),
(2138, '2015-10-13', 91391, 3),
(2139, '2015-10-13', 88229, 1),
(2140, '2015-10-13', 12988, 1),
(2141, '2015-10-14', 510354, 4),
(2142, '2015-10-14', 38013, 3),
(2143, '2015-10-14', 510356, 4),
(2144, '2015-10-14', 509693, 5),
(2145, '2015-10-14', 509688, 1),
(2146, '2015-10-14', 91330, 24),
(2147, '2015-10-14', 91950, 10),
(2148, '2015-10-15', 510353, 5),
(2149, '2015-10-15', 88217, 3),
(2150, '2015-10-15', 91288, 6),
(2151, '2015-10-15', 510354, 10),
(2152, '2015-10-15', 28720, 4),
(2153, '2015-10-16', 19627, 24),
(2154, '2015-10-16', 509707, 1),
(2155, '2015-10-16', 31722, 12),
(2156, '2015-10-16', 92046, 3),
(2157, '2015-10-16', 19639, 4),
(2158, '2015-10-16', 34420, 12),
(2159, '2015-10-16', 91913, 10),
(2160, '2015-10-16', 508161, 24),
(2161, '2015-10-16', 91876, 12),
(2162, '2015-10-16', 88229, 10),
(2163, '2015-10-16', 510513, 1),
(2164, '2015-10-16', 38000, 5),
(2165, '2015-10-17', 31722, 5),
(2166, '2015-10-17', 510446, 10),
(2167, '2015-10-17', 509688, 3),
(2168, '2015-10-17', 91877, 1),
(2169, '2015-10-17', 35192, 1),
(2170, '2015-10-17', 91386, 5),
(2171, '2015-10-18', 91528, 1),
(2172, '2015-10-18', 510351, 10),
(2173, '2015-10-18', 88217, 5),
(2174, '2015-10-18', 510356, 1),
(2175, '2015-10-18', 91521, 10),
(2176, '2015-10-19', 148812, 4),
(2177, '2015-10-19', 510612, 12),
(2178, '2015-10-19', 28720, 3),
(2179, '2015-10-19', 35266, 10),
(2180, '2015-10-19', 35174, 5),
(2181, '2015-10-19', 10775, 3),
(2182, '2015-10-19', 91950, 10),
(2183, '2015-10-19', 91330, 4),
(2184, '2015-10-19', 91525, 10),
(2185, '2015-10-20', 35178, 3),
(2186, '2015-10-20', 13118, 10),
(2187, '2015-10-20', 509691, 5),
(2188, '2015-10-20', 509709, 10),
(2189, '2015-10-20', 510513, 12),
(2190, '2015-10-20', 91387, 5),
(2191, '2015-10-20', 20867, 5),
(2192, '2015-10-20', 509700, 10),
(2193, '2015-10-21', 328760, 5),
(2194, '2015-10-21', 510413, 3),
(2195, '2015-10-21', 91873, 3),
(2196, '2015-10-21', 510349, 24),
(2197, '2015-10-21', 510512, 12),
(2198, '2015-10-21', 509714, 12),
(2199, '2015-10-21', 508163, 3),
(2200, '2015-10-21', 40362, 10),
(2201, '2015-10-21', 20871, 4),
(2202, '2015-10-22', 91950, 10),
(2203, '2015-10-22', 88237, 10),
(2204, '2015-10-22', 92858, 5),
(2205, '2015-10-22', 88236, 3),
(2206, '2015-10-22', 510283, 1),
(2207, '2015-10-22', 92046, 3),
(2208, '2015-10-23', 510511, 4),
(2209, '2015-10-23', 509690, 3),
(2210, '2015-10-23', 88235, 1),
(2211, '2015-10-23', 19626, 24),
(2212, '2015-10-23', 508102, 12),
(2213, '2015-10-24', 516969, 1),
(2214, '2015-10-24', 91910, 3),
(2215, '2015-10-24', 91522, 5),
(2216, '2015-10-24', 92004, 3),
(2217, '2015-10-24', 90527, 5),
(2218, '2015-10-24', 91955, 24),
(2219, '2015-10-24', 88237, 3),
(2220, '2015-10-25', 91526, 24),
(2221, '2015-10-25', 20841, 10),
(2222, '2015-10-25', 510512, 6),
(2223, '2015-10-25', 92004, 10),
(2224, '2015-10-25', 510351, 5),
(2225, '2015-10-25', 91288, 4),
(2226, '2015-10-25', 510416, 4),
(2227, '2015-10-25', 91910, 10),
(2228, '2015-10-25', 34420, 5),
(2229, '2015-10-26', 508161, 24),
(2230, '2015-10-26', 92366, 24),
(2231, '2015-10-26', 19635, 12),
(2232, '2015-10-26', 510353, 4),
(2233, '2015-10-26', 509715, 10),
(2234, '2015-10-26', 510356, 12),
(2235, '2015-10-26', 35238, 5),
(2236, '2015-10-26', 38000, 3),
(2237, '2015-10-27', 516969, 3),
(2238, '2015-10-27', 31620, 10),
(2239, '2015-10-27', 510512, 5),
(2240, '2015-10-27', 509701, 3),
(2241, '2015-10-27', 328779, 3),
(2242, '2015-10-27', 91228, 1),
(2243, '2015-10-27', 91229, 24),
(2244, '2015-10-28', 510512, 4),
(2245, '2015-10-28', 509688, 24),
(2246, '2015-10-28', 510416, 5),
(2247, '2015-10-28', 91908, 3),
(2248, '2015-10-28', 91955, 5),
(2249, '2015-10-28', 510351, 4),
(2250, '2015-10-29', 509702, 12),
(2251, '2015-10-29', 509706, 12),
(2252, '2015-10-29', 92839, 1),
(2253, '2015-10-29', 91877, 10),
(2254, '2015-10-29', 20841, 24),
(2255, '2015-10-29', 88229, 10),
(2256, '2015-10-29', 510511, 5),
(2257, '2015-10-29', 88237, 10),
(2258, '2015-10-29', 92839, 3),
(2259, '2015-10-29', 92004, 1),
(2260, '2015-10-29', 31546, 5),
(2261, '2015-10-29', 91908, 10),
(2262, '2015-10-30', 92366, 24),
(2263, '2015-10-30', 88232, 3),
(2264, '2015-10-30', 91372, 3),
(2265, '2015-10-30', 91955, 1),
(2266, '2015-10-30', 516969, 24),
(2267, '2015-10-31', 516032, 10),
(2268, '2015-10-31', 509701, 24),
(2269, '2015-10-31', 91527, 10),
(2270, '2015-10-31', 509709, 5),
(2271, '2015-10-31', 92366, 3),
(2272, '2015-10-31', 12447, 3),
(2273, '2015-10-31', 91875, 6),
(2274, '2015-10-31', 20859, 10),
(2275, '2015-10-31', 510415, 3),
(2276, '2015-10-31', 91229, 5),
(2277, '2015-11-01', 91950, 3),
(2278, '2015-11-01', 509691, 3),
(2279, '2015-11-01', 91388, 4),
(2280, '2015-11-01', 38013, 5),
(2281, '2015-11-02', 91389, 12),
(2282, '2015-11-02', 92004, 5),
(2283, '2015-11-02', 510613, 5),
(2284, '2015-11-02', 40365, 5),
(2285, '2015-11-02', 88216, 10),
(2286, '2015-11-02', 328779, 4),
(2287, '2015-11-02', 509709, 10),
(2288, '2015-11-03', 510283, 10),
(2289, '2015-11-03', 91227, 5),
(2290, '2015-11-03', 88231, 4),
(2291, '2015-11-03', 91908, 24),
(2292, '2015-11-03', 509702, 5),
(2293, '2015-11-03', 509699, 10),
(2294, '2015-11-03', 508161, 4),
(2295, '2015-11-03', 510348, 3),
(2296, '2015-11-04', 91950, 5),
(2297, '2015-11-04', 91227, 4),
(2298, '2015-11-04', 91521, 12),
(2299, '2015-11-04', 17200, 10),
(2300, '2015-11-04', 91288, 6),
(2301, '2015-11-04', 510354, 5),
(2302, '2015-11-04', 88231, 10),
(2303, '2015-11-04', 510612, 4),
(2304, '2015-11-04', 510415, 4),
(2305, '2015-11-04', 91877, 24),
(2306, '2015-11-04', 91908, 4),
(2307, '2015-11-04', 91950, 5),
(2308, '2015-11-04', 12510, 4),
(2309, '2015-11-04', 91227, 24),
(2310, '2015-11-04', 90525, 12),
(2311, '2015-11-05', 35238, 6),
(2312, '2015-11-05', 509715, 1),
(2313, '2015-11-05', 91389, 6),
(2314, '2015-11-05', 328779, 3),
(2315, '2015-11-05', 39611, 3),
(2316, '2015-11-06', 91526, 3),
(2317, '2015-11-06', 511607, 6),
(2318, '2015-11-06', 508102, 5),
(2319, '2015-11-06', 509709, 24),
(2320, '2015-11-06', 510416, 4),
(2321, '2015-11-07', 509691, 5),
(2322, '2015-11-07', 509706, 12),
(2323, '2015-11-07', 510282, 1),
(2324, '2015-11-07', 91876, 4),
(2325, '2015-11-07', 19625, 3),
(2326, '2015-11-07', 508103, 10),
(2327, '2015-11-07', 38000, 24),
(2328, '2015-11-07', 510511, 4),
(2329, '2015-11-07', 91950, 3),
(2330, '2015-11-08', 510413, 10),
(2331, '2015-11-08', 34420, 4),
(2332, '2015-11-08', 91521, 1),
(2333, '2015-11-08', 509706, 10),
(2334, '2015-11-08', 91227, 5),
(2335, '2015-11-09', 91388, 3),
(2336, '2015-11-09', 509689, 6),
(2337, '2015-11-09', 28720, 3),
(2338, '2015-11-09', 10775, 4),
(2339, '2015-11-09', 508161, 10),
(2340, '2015-11-09', 19626, 24),
(2341, '2015-11-10', 38014, 4),
(2342, '2015-11-10', 510446, 1),
(2343, '2015-11-10', 510513, 5),
(2344, '2015-11-10', 91527, 3),
(2345, '2015-11-10', 92839, 4),
(2346, '2015-11-10', 20840, 4),
(2347, '2015-11-10', 13003, 1),
(2348, '2015-11-10', 90525, 5),
(2349, '2015-11-10', 39236, 10),
(2350, '2015-11-10', 91521, 1),
(2351, '2015-11-10', 19625, 1),
(2352, '2015-11-11', 509705, 3),
(2353, '2015-11-11', 20871, 4),
(2354, '2015-11-11', 510500, 3),
(2355, '2015-11-11', 88238, 1),
(2356, '2015-11-11', 28733, 12),
(2357, '2015-11-11', 20840, 5),
(2358, '2015-11-12', 92004, 5),
(2359, '2015-11-12', 509693, 12),
(2360, '2015-11-12', 91391, 4),
(2361, '2015-11-12', 91873, 3),
(2362, '2015-11-12', 13003, 4),
(2363, '2015-11-12', 20865, 24),
(2364, '2015-11-12', 91523, 10),
(2365, '2015-11-12', 510613, 3),
(2366, '2015-11-12', 509715, 3),
(2367, '2015-11-12', 509690, 3),
(2368, '2015-11-13', 91913, 5),
(2369, '2015-11-13', 88216, 4),
(2370, '2015-11-13', 91327, 3),
(2371, '2015-11-13', 91288, 5),
(2372, '2015-11-13', 38013, 24),
(2373, '2015-11-13', 91391, 1),
(2374, '2015-11-13', 91228, 10),
(2375, '2015-11-13', 40362, 12),
(2376, '2015-11-13', 88238, 3),
(2377, '2015-11-13', 88239, 3),
(2378, '2015-11-14', 510414, 10),
(2379, '2015-11-14', 92839, 10),
(2380, '2015-11-14', 19627, 3),
(2381, '2015-11-14', 91522, 3),
(2382, '2015-11-14', 20865, 24),
(2383, '2015-11-14', 19627, 12),
(2384, '2015-11-14', 31722, 10),
(2385, '2015-11-14', 20872, 5),
(2386, '2015-11-14', 510351, 5),
(2387, '2015-11-14', 91386, 10),
(2388, '2015-11-14', 91955, 12),
(2389, '2015-11-14', 38013, 4),
(2390, '2015-11-14', 20857, 10),
(2391, '2015-11-14', 91330, 3),
(2392, '2015-11-15', 13003, 24),
(2393, '2015-11-15', 20874, 5),
(2394, '2015-11-15', 511607, 4),
(2395, '2015-11-15', 39236, 12),
(2396, '2015-11-15', 20871, 12),
(2397, '2015-11-15', 91229, 5),
(2398, '2015-11-16', 91080, 6),
(2399, '2015-11-16', 510354, 12),
(2400, '2015-11-16', 31597, 6),
(2401, '2015-11-16', 28724, 10),
(2402, '2015-11-16', 20872, 10),
(2403, '2015-11-16', 509699, 10),
(2404, '2015-11-16', 91526, 10),
(2405, '2015-11-16', 510282, 5),
(2406, '2015-11-17', 38012, 5),
(2407, '2015-11-17', 510353, 12),
(2408, '2015-11-17', 88237, 3),
(2409, '2015-11-17', 35238, 24),
(2410, '2015-11-17', 35238, 5),
(2411, '2015-11-17', 10775, 12),
(2412, '2015-11-18', 510354, 6),
(2413, '2015-11-18', 92004, 5),
(2414, '2015-11-18', 92046, 10),
(2415, '2015-11-18', 510351, 3),
(2416, '2015-11-19', 510348, 12),
(2417, '2015-11-19', 509691, 5),
(2418, '2015-11-19', 510281, 10),
(2419, '2015-11-19', 88232, 5),
(2420, '2015-11-19', 91228, 12),
(2421, '2015-11-19', 510415, 5),
(2422, '2015-11-19', 88231, 5),
(2423, '2015-11-19', 92046, 3),
(2424, '2015-11-19', 35238, 5),
(2425, '2015-11-20', 12510, 10),
(2426, '2015-11-20', 92001, 1),
(2427, '2015-11-20', 91525, 10),
(2428, '2015-11-20', 510415, 24),
(2429, '2015-11-20', 509692, 24),
(2430, '2015-11-20', 91372, 3),
(2431, '2015-11-20', 510613, 4),
(2432, '2015-11-20', 88235, 4),
(2433, '2015-11-21', 516969, 1),
(2434, '2015-11-21', 510280, 5),
(2435, '2015-11-21', 38012, 5),
(2436, '2015-11-21', 509689, 5),
(2437, '2015-11-21', 90525, 10),
(2438, '2015-11-21', 20840, 4),
(2439, '2015-11-21', 509715, 24),
(2440, '2015-11-21', 28720, 10),
(2441, '2015-11-22', 91389, 12),
(2442, '2015-11-22', 88237, 10),
(2443, '2015-11-22', 39611, 6),
(2444, '2015-11-22', 38014, 10),
(2445, '2015-11-22', 509689, 5),
(2446, '2015-11-22', 20867, 3),
(2447, '2015-11-22', 35174, 3),
(2448, '2015-11-22', 511607, 10),
(2449, '2015-11-22', 509702, 6),
(2450, '2015-11-22', 509702, 3),
(2451, '2015-11-22', 31546, 3),
(2452, '2015-11-23', 508165, 1),
(2453, '2015-11-23', 510282, 1),
(2454, '2015-11-23', 19634, 5),
(2455, '2015-11-23', 91388, 1),
(2456, '2015-11-23', 91877, 1),
(2457, '2015-11-23', 38000, 24),
(2458, '2015-11-23', 509699, 10),
(2459, '2015-11-23', 509709, 3),
(2460, '2015-11-23', 510348, 5),
(2461, '2015-11-23', 91877, 10),
(2462, '2015-11-23', 20840, 10),
(2463, '2015-11-24', 509705, 24),
(2464, '2015-11-24', 20873, 4),
(2465, '2015-11-24', 19625, 4),
(2466, '2015-11-24', 516032, 3),
(2467, '2015-11-24', 328779, 24),
(2468, '2015-11-24', 90525, 5),
(2469, '2015-11-25', 88237, 6),
(2470, '2015-11-25', 19625, 6),
(2471, '2015-11-25', 92001, 3),
(2472, '2015-11-25', 90525, 3),
(2473, '2015-11-25', 91528, 6),
(2474, '2015-11-25', 91229, 6),
(2475, '2015-11-25', 88235, 24),
(2476, '2015-11-25', 91913, 5),
(2477, '2015-11-26', 20874, 5),
(2478, '2015-11-26', 510280, 5),
(2479, '2015-11-26', 510413, 4),
(2480, '2015-11-26', 509691, 3),
(2481, '2015-11-26', 35178, 3),
(2482, '2015-11-26', 31597, 12),
(2483, '2015-11-26', 510495, 4),
(2484, '2015-11-26', 508103, 1),
(2485, '2015-11-27', 509692, 4),
(2486, '2015-11-27', 39611, 12),
(2487, '2015-11-27', 510495, 6),
(2488, '2015-11-27', 91372, 4),
(2489, '2015-11-27', 510351, 10),
(2490, '2015-11-27', 12510, 6),
(2491, '2015-11-27', 509706, 5),
(2492, '2015-11-28', 91389, 6),
(2493, '2015-11-28', 39236, 4),
(2494, '2015-11-28', 88229, 5),
(2495, '2015-11-28', 510414, 4),
(2496, '2015-11-28', 38002, 12),
(2497, '2015-11-28', 510351, 6),
(2498, '2015-11-28', 39236, 1),
(2499, '2015-11-28', 91876, 10),
(2500, '2015-11-28', 35238, 1),
(2501, '2015-11-29', 508161, 6),
(2502, '2015-11-29', 92839, 6),
(2503, '2015-11-29', 10767, 5),
(2504, '2015-11-29', 91521, 10),
(2505, '2015-11-29', 510512, 3),
(2506, '2015-11-29', 510356, 10),
(2507, '2015-11-29', 20857, 5),
(2508, '2015-11-30', 88217, 10),
(2509, '2015-11-30', 17201, 5),
(2510, '2015-11-30', 91877, 24),
(2511, '2015-11-30', 10767, 1),
(2512, '2015-11-30', 510281, 5),
(2513, '2015-11-30', 88239, 1),
(2514, '2015-11-30', 510350, 4),
(2515, '2015-11-30', 91229, 1),
(2516, '2015-11-30', 40362, 5),
(2517, '2015-11-30', 92366, 10),
(2518, '2015-11-30', 19627, 5),
(2519, '2015-11-30', 91390, 1),
(2520, '2015-12-01', 34420, 4),
(2521, '2015-12-01', 91080, 10),
(2522, '2015-12-01', 35192, 4),
(2523, '2015-12-01', 91386, 3),
(2524, '2015-12-01', 509694, 6),
(2525, '2015-12-01', 91079, 1),
(2526, '2015-12-01', 38013, 10),
(2527, '2015-12-01', 91372, 3),
(2528, '2015-12-01', 28720, 3),
(2529, '2015-12-01', 90526, 5),
(2530, '2015-12-01', 31597, 24),
(2531, '2015-12-02', 38012, 3),
(2532, '2015-12-02', 509714, 24),
(2533, '2015-12-02', 20857, 10),
(2534, '2015-12-02', 91388, 4),
(2535, '2015-12-02', 12995, 1),
(2536, '2015-12-02', 509707, 4),
(2537, '2015-12-03', 91524, 12),
(2538, '2015-12-03', 88232, 4),
(2539, '2015-12-03', 510283, 6),
(2540, '2015-12-03', 88231, 24),
(2541, '2015-12-03', 510613, 4),
(2542, '2015-12-03', 510283, 1),
(2543, '2015-12-04', 38002, 12),
(2544, '2015-12-04', 17201, 24),
(2545, '2015-12-04', 510348, 24),
(2546, '2015-12-04', 39611, 5),
(2547, '2015-12-04', 516134, 4),
(2548, '2015-12-04', 510351, 24),
(2549, '2015-12-04', 90528, 1),
(2550, '2015-12-05', 91079, 4),
(2551, '2015-12-05', 88229, 10),
(2552, '2015-12-05', 510512, 3),
(2553, '2015-12-05', 88229, 12),
(2554, '2015-12-05', 92858, 4),
(2555, '2015-12-05', 508102, 5),
(2556, '2015-12-05', 510415, 3),
(2557, '2015-12-05', 510282, 6),
(2558, '2015-12-06', 509709, 3),
(2559, '2015-12-06', 508103, 12),
(2560, '2015-12-06', 35239, 10),
(2561, '2015-12-06', 148812, 1),
(2562, '2015-12-06', 510282, 3),
(2563, '2015-12-06', 35266, 1),
(2564, '2015-12-06', 19639, 3),
(2565, '2015-12-06', 509709, 1),
(2566, '2015-12-07', 510446, 5),
(2567, '2015-12-07', 510495, 4),
(2568, '2015-12-07', 40365, 3),
(2569, '2015-12-07', 510446, 3),
(2570, '2015-12-07', 38014, 5),
(2571, '2015-12-07', 31597, 10),
(2572, '2015-12-07', 509705, 10),
(2573, '2015-12-08', 510354, 3),
(2574, '2015-12-08', 91330, 4),
(2575, '2015-12-08', 508161, 10),
(2576, '2015-12-08', 38014, 1),
(2577, '2015-12-08', 10775, 5),
(2578, '2015-12-08', 17201, 5),
(2579, '2015-12-08', 12510, 12),
(2580, '2015-12-08', 38001, 3),
(2581, '2015-12-08', 20859, 3),
(2582, '2015-12-09', 19639, 10),
(2583, '2015-12-09', 38002, 10),
(2584, '2015-12-09', 13118, 3),
(2585, '2015-12-09', 88237, 4),
(2586, '2015-12-09', 17201, 10),
(2587, '2015-12-10', 20874, 1),
(2588, '2015-12-10', 19627, 4),
(2589, '2015-12-10', 510446, 10),
(2590, '2015-12-10', 35192, 3),
(2591, '2015-12-10', 20859, 5),
(2592, '2015-12-11', 20840, 6),
(2593, '2015-12-11', 17201, 5),
(2594, '2015-12-12', 31620, 5),
(2595, '2015-12-12', 31546, 10),
(2596, '2015-12-12', 510283, 5),
(2597, '2015-12-12', 91526, 4),
(2598, '2015-12-13', 510351, 12),
(2599, '2015-12-13', 31546, 4),
(2600, '2015-12-13', 91877, 6),
(2601, '2015-12-13', 38012, 24),
(2602, '2015-12-13', 509701, 4),
(2603, '2015-12-13', 92839, 4),
(2604, '2015-12-13', 508102, 10),
(2605, '2015-12-13', 91391, 5),
(2606, '2015-12-14', 12447, 1),
(2607, '2015-12-14', 509715, 10),
(2608, '2015-12-14', 510414, 4),
(2609, '2015-12-14', 88237, 5),
(2610, '2015-12-14', 19627, 3),
(2611, '2015-12-14', 91875, 10),
(2612, '2015-12-14', 31620, 24),
(2613, '2015-12-14', 328779, 5),
(2614, '2015-12-14', 91528, 4),
(2615, '2015-12-14', 91524, 3),
(2616, '2015-12-14', 90528, 3),
(2617, '2015-12-14', 20874, 3),
(2618, '2015-12-15', 91522, 4),
(2619, '2015-12-15', 20874, 6),
(2620, '2015-12-15', 510354, 10),
(2621, '2015-12-15', 516134, 3),
(2622, '2015-12-15', 19636, 10),
(2623, '2015-12-16', 91525, 5),
(2624, '2015-12-16', 88232, 24),
(2625, '2015-12-16', 91877, 3),
(2626, '2015-12-16', 91521, 6),
(2627, '2015-12-16', 328766, 4),
(2628, '2015-12-16', 19635, 10),
(2629, '2015-12-16', 34420, 12),
(2630, '2015-12-16', 13003, 3),
(2631, '2015-12-16', 510512, 4),
(2632, '2015-12-17', 516134, 5),
(2633, '2015-12-17', 40362, 5),
(2634, '2015-12-17', 88239, 4),
(2635, '2015-12-17', 510513, 24),
(2636, '2015-12-17', 88216, 24),
(2637, '2015-12-17', 19625, 10),
(2638, '2015-12-17', 88217, 10),
(2639, '2015-12-17', 20841, 6),
(2640, '2015-12-17', 510281, 24),
(2641, '2015-12-17', 88236, 1),
(2642, '2015-12-18', 509694, 10),
(2643, '2015-12-18', 510356, 12),
(2644, '2015-12-18', 35238, 24),
(2645, '2015-12-18', 88234, 5),
(2646, '2015-12-18', 510612, 4),
(2647, '2015-12-18', 12510, 10),
(2648, '2015-12-18', 39611, 4),
(2649, '2015-12-18', 510350, 5),
(2650, '2015-12-19', 19639, 10),
(2651, '2015-12-19', 91079, 4),
(2652, '2015-12-19', 28733, 4),
(2653, '2015-12-20', 91391, 24),
(2654, '2015-12-20', 91955, 6),
(2655, '2015-12-20', 88239, 3),
(2656, '2015-12-20', 509692, 1),
(2657, '2015-12-21', 91908, 5),
(2658, '2015-12-21', 91079, 4),
(2659, '2015-12-21', 510353, 6),
(2660, '2015-12-21', 19625, 4),
(2661, '2015-12-21', 516969, 1),
(2662, '2015-12-21', 509700, 10),
(2663, '2015-12-21', 19635, 5),
(2664, '2015-12-21', 19634, 10),
(2665, '2015-12-21', 31597, 3),
(2666, '2015-12-21', 88216, 24),
(2667, '2015-12-21', 91229, 5),
(2668, '2015-12-21', 91913, 4),
(2669, '2015-12-22', 91327, 24),
(2670, '2015-12-22', 91955, 10),
(2671, '2015-12-22', 88232, 3),
(2672, '2015-12-22', 92004, 6),
(2673, '2015-12-22', 91528, 4),
(2674, '2015-12-22', 91227, 1),
(2675, '2015-12-23', 510612, 6),
(2676, '2015-12-23', 31722, 4),
(2677, '2015-12-23', 28724, 4),
(2678, '2015-12-23', 91876, 6),
(2679, '2015-12-23', 38014, 24),
(2680, '2015-12-23', 13118, 12),
(2681, '2015-12-23', 510511, 12),
(2682, '2015-12-23', 92046, 4),
(2683, '2015-12-23', 510415, 5),
(2684, '2015-12-24', 88234, 5),
(2685, '2015-12-24', 91525, 10),
(2686, '2015-12-24', 91389, 3),
(2687, '2015-12-24', 31546, 3),
(2688, '2015-12-25', 510353, 3),
(2689, '2015-12-25', 20841, 5),
(2690, '2015-12-25', 91525, 3),
(2691, '2015-12-25', 510283, 10),
(2692, '2015-12-25', 510415, 6),
(2693, '2015-12-26', 510281, 4),
(2694, '2015-12-26', 91390, 3),
(2695, '2015-12-26', 88231, 12),
(2696, '2015-12-26', 20841, 12),
(2697, '2015-12-26', 91228, 1),
(2698, '2015-12-26', 510513, 5),
(2699, '2015-12-27', 91521, 24),
(2700, '2015-12-27', 92001, 1),
(2701, '2015-12-27', 35178, 5),
(2702, '2015-12-27', 12995, 12),
(2703, '2015-12-27', 510348, 6),
(2704, '2015-12-27', 510348, 1),
(2705, '2015-12-27', 508161, 4),
(2706, '2015-12-28', 88231, 10),
(2707, '2015-12-28', 516970, 12),
(2708, '2015-12-28', 510356, 10),
(2709, '2015-12-28', 17201, 1),
(2710, '2015-12-28', 35239, 5),
(2711, '2015-12-28', 91907, 12),
(2712, '2015-12-28', 35266, 4),
(2713, '2015-12-28', 509714, 4),
(2714, '2015-12-29', 91522, 10),
(2715, '2015-12-29', 20857, 10),
(2716, '2015-12-29', 509694, 5),
(2717, '2015-12-29', 92001, 10),
(2718, '2015-12-29', 508161, 5),
(2719, '2015-12-29', 40365, 1),
(2720, '2015-12-29', 20841, 5),
(2721, '2015-12-29', 510495, 1),
(2722, '2015-12-29', 510612, 5),
(2723, '2015-12-29', 20857, 5),
(2724, '2015-12-29', 10775, 4),
(2725, '2015-12-29', 39236, 3),
(2726, '2015-12-29', 508165, 4),
(2727, '2015-12-30', 31722, 12),
(2728, '2015-12-30', 88231, 5),
(2729, '2015-12-30', 509702, 1),
(2730, '2015-12-30', 91387, 5),
(2731, '2015-12-30', 91525, 1),
(2732, '2015-12-30', 91327, 1),
(2733, '2015-12-31', 509706, 10),
(2734, '2015-12-31', 91288, 4),
(2735, '2015-12-31', 92858, 10),
(2736, '2015-12-31', 510446, 12),
(2737, '2015-12-31', 510281, 10),
(2738, '2015-12-31', 510356, 6),
(2739, '2015-12-31', 31546, 6),
(2740, '2015-12-31', 91227, 24),
(2741, '2015-12-31', 91330, 4),
(2742, '2015-12-31', 91877, 10),
(2743, '2015-12-31', 38002, 5),
(2744, '2015-12-31', 17200, 1),
(2745, '2015-12-31', 510512, 6),
(2746, '2015-12-31', 28733, 6);