  INSERT INTO `diak` (`om`, `neve`, `szuletett`, `anyja`, `varos`, `iskola`, `netfit`) VALUES
('50353008414', 'Kocsis Laura Dzsenifer', '2001-03-11', 'Petrovszki Alexandra', 'Balatonboglár‎', '203050-1', 'X921-O726'),
('51157052172', 'Németh Fanni', '2000-09-06', 'Jenei Gabriella', 'Fonyód‎', '203050-1', 'Q737-G147'),
('51525810894', 'Lesznek Korina Nikolett', '1999-12-10', 'Dunai Nóra Dominika', 'Balatonboglár‎', '203050-1', 'E361-M713'),
('51599543619', 'Gál Zoltán', '2000-11-18', 'Kollár Kitti', 'Balatonlelle', '203050-1', 'V719-B542'),
('51901936257', 'Borbola Aldvin', '2001-03-07', 'Oláh Mária  ', 'Balatonberény', '203050-1', 'X921-O724'),
('55220083859', 'Major Vivien Ágnes', '2001-02-03', 'Kovács Diána Anita', 'Fonyód‎', '203050-2', 'V719-B544'),
('56826313424', 'Kiss Péter', '2000-02-22', 'Csont Anikó Edit', 'Balatonlelle', '203050-1', 'Q264-Q742'),
('57439744617', 'Oberna Erzsébet Szidónia', '2000-01-06', 'Balasi Orsolya', 'Balatonfenyves', '203050-2', 'M689-M540'),
('60015341790', 'Benis Lili', '2000-04-12', 'Dobó Blanka', 'Balatonboglár‎', '203050-1', 'Q398-N735'),
('60178063884', 'Szabó Alexandra Natália', '2000-08-12', 'Horváth Ildikó', 'Balatonlelle', '203050-1', 'Q737-G145'),
('60436355301', 'Gyapjas Bettina Nóra', '2000-02-04', 'Csikós Tímea', 'Balatonberény', '203050-2', 'Q398-N734'),
('63036997266', 'Kónya Lilla', '2000-01-23', 'Batyik Szimonetta', 'Balatonkeresztúr', '203050-1', 'P357-Q167'),
('66315627812', 'Hódi Dávid', '2000-09-18', 'Karácsonyi Martin', 'Marcali', '203050-2', 'Q737-G148'),
('66767034671', 'Kószó Bettina', '2000-11-02', 'Kissné Farkas Anikó', 'Balatonszentgyörgy', '203050-2', 'T146-U338'),
('67093461940', 'Csepella Henrik', '2001-02-19', 'Novkov Glória', 'Balatonszentgyörgy', '203050-2', 'X921-O723'),
('67798448031', 'Börcsök Katinka', '2000-05-13', 'Gyapjas Bettina Nóra', 'Marcali', '203050-1', 'Q398-N736'),
('68030672749', 'Hollósi Tímea', '2000-04-22', 'Fodor Sarolta Anna', 'Fonyód‎', '203050-1', 'Q264-Q743'),
('69669559461', 'Rácz Szabó Kincső', '2000-10-13', 'Király Eszter Tünde', 'Balatonfenyves', '203050-3', 'R355-C639'),
('71535056236', 'Kiss Dorina Kitti', '2001-03-14', 'Simon Nikiolett', 'Fonyód‎', '203050-2', 'X921-O727'),
('71615410632', 'Szűcs Levente', '2001-02-17', 'Németh Fanni', 'Balatonkeresztúr', '203050-2', 'V719-B547'),
('80477855071', 'Mundruc Dávid', '1999-12-29', 'Agócs Edina Anna', 'Fonyód‎', '203050-3', 'F822-F697'),
('83267991493', 'Kovács Diána Anita', '2000-06-04', 'Hollósi Tímea', 'Balatonkeresztúr', '203050-3', 'Q398-N737'),
('83511579434', 'Daróczi Kamilla Csenge', '2000-07-18', 'Horváth Brigitta', 'Balatonberény', '203050-3', 'Q735-O929'),
('84052889554', 'Kádár Andrea Gréta', '2001-02-14', 'Mészáros Regina', 'Balatonfenyves', '203050-3', 'V719-B546'),
('84320018378', 'Laskai Jázmin Alexa ', '2000-11-08', 'Kocsis Laura Dzsenifer', 'Balatonberény', '203050-3', 'T746-J912'),
('84935353916', 'Mánik Márk ', '2001-03-10', 'Petri Tímea', 'Balatonlelle', '203050-1', 'X921-O725'),
('85102959086', 'Gargács Norbert', '2000-12-01', 'Kónya Lilla', 'Balatonboglár‎', '203050-3', 'V719-B543'),
('91126771854', 'Fodor Sarolta Anna', '2000-07-05', 'Hornok Dóra', 'Balatonszentgyörgy', '203050-2', 'Q264-Q745'),
('92117702022', 'Molnár Boglárka ', '2000-01-03', 'Bajáki Erzsébet', 'Marcali', '203050-1', 'L481-V628'),
('92380964391', 'Kollár Tamás Csaba', '2001-02-06', 'Lesznek Korina Nikolett', 'Marcali', '203050-2', 'V719-B545'),
('95119245688', 'Batyik Szimonetta', '2000-05-17', 'Hebők Kamilla', 'Balatonfenyves', '203050-2', 'Q264-Q744'),
('95216722276', 'Novkov Glória', '2000-01-25', 'Börcsök Katinka', 'Balatonszentgyörgy', '203050-1', 'Q264-Q741'),
('97975653884', 'Cseszkó Dorottya', '2000-10-30', 'Kis Boglárka', 'Balatonkeresztúr', '203050-2', 'S433-E974'),
('99543565005', 'Gabnai Csaba Richárd', '2000-08-22', 'Jenei Bettina Mária', 'Balatonboglár‎', '203050-1', 'Q737-G146');




INSERT INTO `iskola` (`om`, `neve`, `vezeto`, `cim`, `telefon`) VALUES
('203050-1', 'Siófoki SZC Mathiász János Gimnáziuma, Szakgimnáziuma', 'Balog Krisztián', '8630 Balatonboglár', '85/351316'),
('203050-2', 'Siófoki SZC Bacsák György Szakgimnáziuma és Szakközépiskolája', 'Homor Judit', '8640 Fonyód', '85/361510'),
('203050-3', 'Siófoki SZC Baross Gábor Szakgimnáziuma és Szakközépiskolája', 'Kispéter Sándor', '8600 Siófok', ' 84/310-857');



INSERT INTO `meres` (`id`, `bmi`, `testzsir`, `hasizom`, `torzsemeles`, `fekvotamasz`, `szoritoero`, `tavolugras`, `hajlekonysag`) VALUES
('E361-M713', '20.40', '17.2', 80, '20.0', 24, '50.55', 219, '27.00'),
('F822-F697', '18.85', '10.1', 80, '20.0', 20, '48.25', 213, '26.00'),
('L481-V628', '24.48', '14.7', 80, '15.5', 34, '46.15', 228, '28.50'),
('M689-M540', '26.69', '26.4', 80, '13.7', 11, '37.55', 156, '18.50'),
('P357-Q167', '19.89', '17.5', 41, '12.0', 27, '37.05', 195, '27.00'),
('Q264-Q741', '19.48', '10.0', 26, '18.8', 10, '41.55', 195, '35.50'),
('Q264-Q742', '20.40', '17.2', 80, '20.0', 24, '50.55', 219, '27.00'),
('Q264-Q743', '24.48', '14.7', 75, '15.5', 34, '46.15', 228, '28.50'),
('Q264-Q744', '19.89', '17.5', 41, '12.0', 27, '37.05', 195, '27.00'),
('Q264-Q745', '18.20', '20.3', 30, '24.8', 11, '26.30', 273, '19.50'),
('Q398-N734', '18.20', '20.3', 30, '24.8', 11, '26.30', 195, '19.50'),
('Q398-N735', '18.85', '10.1', 80, '20.0', 20, '48.25', 213, '26.00'),
('Q398-N736', '26.69', '26.4', 82, '13.7', 11, '37.55', 156, '18.50'),
('Q398-N737', '19.48', '10.0', 26, '18.8', 10, '41.55', 234, '35.50'),
('Q735-O929', '19.10', '21.2', 80, '4.5', 16, '42.90', 213, '15.00'),
('Q737-G145', '18.31', '18.7', 29, '25.0', 5, '31.50', 213, '34.00'),
('Q737-G146', '20.89', '19.3', 26, '19.0', 11, '42.90', 213, '17.50'),
('Q737-G147', '21.89', '21.5', 39, '23.0', 27, '44.30', 228, '19.50'),
('Q737-G148', '22.89', '23.7', 80, '23.9', 10, '51.65', 156, '15.00'),
('R355-C639', '21.22', '22.8', 80, '17.4', 20, '35.35', 164, '25.00'),
('S433-E974', '24.57', '25.3', 26, '10.0', 16, '41.55', 207, '16.50'),
('T146-U338', '17.46', '22.5', 39, '8.2', 9, '24.15', 166, '28.00'),
('T746-J912', '18.90', '19.3', 73, '23.0', 20, '35.90', 190, '33.50'),
('V719-B542', '18.03', '21.5', 80, '23.9', 14, '37.30', 204, '17.50'),
('V719-B543', '17.16', '23.7', 80, '24.8', 27, '38.70', 195, '19.50'),
('V719-B544', '18.89', '25.9', 26, '25.7', 10, '40.10', 213, '15.00'),
('V719-B545', '19.89', '28.1', 39, '26.6', 11, '41.50', 213, '34.00'),
('V719-B546', '20.89', '30.3', 80, '27.5', 16, '42.90', 164, '25.00'),
('V719-B547', '21.89', '32.5', 51, '28.4', 4, '44.30', 207, '16.50'),
('X921-O723', '22.89', '17.9', 80, '19.0', 14, '51.65', 234, '15.50'),
('X921-O724', '24.57', '21.5', 80, '23.0', 34, '24.15', 213, '15.00'),
('X921-O725', '17.46', '23.7', 26, '23.9', 11, '35.90', 164, '34.00'),
('X921-O726', '18.90', '25.9', 39, '24.8', 27, '37.30', 207, '25.00'),
('X921-O727', '18.03', '28.1', 80, '25.7', 10, '38.70', 234, '16.50');

